País,Indicador,Porcentaje Nulos,Porcentaje Ceros,Suma Porcentajes
Argentina,"Age-standardized prevalence of current tobacco use among persons aged 15 years and older, by sex",0.0,3.581267217630854,3.581267217630854
Argentina,"Birth rate, crude (per 1,000 people)",0.0,0.13774104683195593,0.13774104683195593
Argentina,CO2 emissions (kg per PPP $ of GDP),0.0,0.27548209366391185,0.27548209366391185
Argentina,Capital health expenditure (% of GDP),0.0,2.203856749311295,2.203856749311295
Argentina,"Compulsory education, duration (years)",0.0,1.1019283746556474,1.1019283746556474
Argentina,Control of Corruption: Estimate,0.0,1.2396694214876034,1.2396694214876034
Argentina,"Current health expenditure per capita, PPP (current international $)",0.0,1.6528925619834711,1.6528925619834711
Argentina,"Death rate, crude (per 1,000 people)",0.0,0.13774104683195593,0.13774104683195593
Argentina,Diabetes prevalence (% of population ages 20 to 79),0.0,4.2699724517906334,4.2699724517906334
Argentina,Domestic general government health expenditure (% of GDP),0.0,1.6528925619834711,1.6528925619834711
Argentina,"Domestic general government health expenditure per capita, PPP (current international $)",0.0,1.6528925619834711,1.6528925619834711
Argentina,Domestic private health expenditure (% of current health expenditure),0.0,1.6528925619834711,1.6528925619834711
Argentina,"Fertility rate, total (births per woman)",0.0,0.13774104683195593,0.13774104683195593
Argentina,"GDP, PPP (constant 2017 international $)",0.0,0.0,0.0
Argentina,Gasto público social según la clasificación por funciones del gobierno,0.0,0.13774104683195593,0.13774104683195593
Argentina,Gini index,0.0,0.4132231404958678,0.4132231404958678
Argentina,"Government expenditure on education, total (% of GDP)",0.0,0.9641873278236914,0.9641873278236914
Argentina,"Life expectancy at birth, female (years)",0.0,0.13774104683195593,0.13774104683195593
Argentina,"Life expectancy at birth, male (years)",0.0,0.13774104683195593,0.13774104683195593
Argentina,"Life expectancy at birth, total (years)",0.0,0.13774104683195593,0.13774104683195593
Argentina,"Mortality rate, adult, female (per 1,000 female adults)",0.0,0.13774104683195593,0.13774104683195593
Argentina,"Mortality rate, adult, male (per 1,000 male adults)",0.0,0.13774104683195593,0.13774104683195593
Argentina,"Mortality rate, infant (per 1,000 live births)",0.0,0.13774104683195593,0.13774104683195593
Argentina,Number of neonatal deaths,0.0,0.13774104683195593,0.13774104683195593
Argentina,"PM2.5 air pollution, population exposed to levels exceeding WHO guideline value (% of total)",0.0,2.8925619834710745,2.8925619834710745
Argentina,People using at least basic sanitation services (% of population),0.0,2.203856749311295,2.203856749311295
Argentina,People using safely managed drinking water services (% of population),0.0,4.545454545454546,4.545454545454546
Argentina,Political Stability and Absence of Violence/Terrorism: Estimate,0.0,1.2396694214876034,1.2396694214876034
Argentina,"Population ages 80 and above, female",0.0,0.0,0.0
Argentina,"Population ages 80 and above, male",0.0,0.0,0.0
Argentina,Population density (people per sq. km of land area),0.0,0.13774104683195593,0.13774104683195593
Argentina,"Population, female",0.0,0.0,0.0
Argentina,"Population, female (% of total population)",0.0,0.0,0.0
Argentina,"Population, male",0.0,0.0,0.0
Argentina,"Population, male (% of total population)",0.0,0.0,0.0
Argentina,"Population, total",0.0,0.0,0.0
Argentina,Poverty gap at $6.85 a day (2017 PPP) (%),0.0,0.4132231404958678,0.4132231404958678
Argentina,Pregnant women receiving prenatal care (%),0.0,3.8567493112947657,3.8567493112947657
Argentina,Prevalence of overweight (% of adults),0.0,0.8264462809917356,0.8264462809917356
Argentina,"Prevalence of overweight, weight for height (% of children under 5)",0.0,3.994490358126722,3.994490358126722
Argentina,Prevalence of undernourishment (% of population),0.0,1.790633608815427,1.790633608815427
Argentina,"Proportion of adults who are obese, 20 years old and over ,by sex",0.0,0.8264462809917356,0.8264462809917356
Argentina,Rural population (% of total population),0.0,0.0,0.0
Argentina,"Unemployment, total (% of total labor force) (modeled ILO estimate)",0.0,0.13774104683195593,0.13774104683195593
Argentina,Urban population,0.0,0.0,0.0
Argentina,Urban population (% of total population),0.0,0.0,0.0
Brazil,"Age-standardized prevalence of current tobacco use among persons aged 15 years and older, by sex",0.0,3.581267217630854,3.581267217630854
Brazil,"Birth rate, crude (per 1,000 people)",0.0,0.13774104683195593,0.13774104683195593
Brazil,CO2 emissions (kg per PPP $ of GDP),0.0,0.27548209366391185,0.27548209366391185
Brazil,Capital health expenditure (% of GDP),0.0,1.6528925619834711,1.6528925619834711
Brazil,"Compulsory education, duration (years)",0.0,1.1019283746556474,1.1019283746556474
Brazil,Control of Corruption: Estimate,0.0,1.2396694214876034,1.2396694214876034
Brazil,"Current health expenditure per capita, PPP (current international $)",0.0,1.6528925619834711,1.6528925619834711
Brazil,"Death rate, crude (per 1,000 people)",0.0,0.13774104683195593,0.13774104683195593
Brazil,Diabetes prevalence (% of population ages 20 to 79),0.0,4.2699724517906334,4.2699724517906334
Brazil,Domestic general government health expenditure (% of GDP),0.0,1.6528925619834711,1.6528925619834711
Brazil,"Domestic general government health expenditure per capita, PPP (current international $)",0.0,1.6528925619834711,1.6528925619834711
Brazil,Domestic private health expenditure (% of current health expenditure),0.0,1.6528925619834711,1.6528925619834711
Brazil,"Fertility rate, total (births per woman)",0.0,0.13774104683195593,0.13774104683195593
Brazil,"GDP, PPP (constant 2017 international $)",0.0,0.0,0.0
Brazil,Gasto público social según la clasificación por funciones del gobierno,0.0,4.545454545454546,4.545454545454546
Brazil,Gini index,0.0,0.6887052341597797,0.6887052341597797
Brazil,"Government expenditure on education, total (% of GDP)",0.0,1.3774104683195594,1.3774104683195594
Brazil,"Life expectancy at birth, female (years)",0.0,0.13774104683195593,0.13774104683195593
Brazil,"Life expectancy at birth, male (years)",0.0,0.13774104683195593,0.13774104683195593
Brazil,"Life expectancy at birth, total (years)",0.0,0.13774104683195593,0.13774104683195593
Brazil,"Mortality rate, adult, female (per 1,000 female adults)",0.0,0.13774104683195593,0.13774104683195593
Brazil,"Mortality rate, adult, male (per 1,000 male adults)",0.0,0.13774104683195593,0.13774104683195593
Brazil,"Mortality rate, infant (per 1,000 live births)",0.0,0.13774104683195593,0.13774104683195593
Brazil,Number of neonatal deaths,0.0,0.13774104683195593,0.13774104683195593
Brazil,"PM2.5 air pollution, population exposed to levels exceeding WHO guideline value (% of total)",0.0,2.8925619834710745,2.8925619834710745
Brazil,People using at least basic sanitation services (% of population),0.0,1.3774104683195594,1.3774104683195594
Brazil,People using safely managed drinking water services (% of population),0.0,1.3774104683195594,1.3774104683195594
Brazil,Political Stability and Absence of Violence/Terrorism: Estimate,0.0,1.2396694214876034,1.2396694214876034
Brazil,"Population ages 80 and above, female",0.0,0.0,0.0
Brazil,"Population ages 80 and above, male",0.0,0.0,0.0
Brazil,Population density (people per sq. km of land area),0.0,0.13774104683195593,0.13774104683195593
Brazil,"Population, female",0.0,0.0,0.0
Brazil,"Population, female (% of total population)",0.0,0.0,0.0
Brazil,"Population, male",0.0,0.0,0.0
Brazil,"Population, male (% of total population)",0.0,0.0,0.0
Brazil,"Population, total",0.0,0.0,0.0
Brazil,Poverty gap at $6.85 a day (2017 PPP) (%),0.0,0.6887052341597797,0.6887052341597797
Brazil,Pregnant women receiving prenatal care (%),0.0,3.443526170798898,3.443526170798898
Brazil,Prevalence of overweight (% of adults),0.0,0.8264462809917356,0.8264462809917356
Brazil,"Prevalence of overweight, weight for height (% of children under 5)",0.0,4.132231404958678,4.132231404958678
Brazil,Prevalence of undernourishment (% of population),0.0,1.790633608815427,1.790633608815427
Brazil,"Proportion of adults who are obese, 20 years old and over ,by sex",0.0,0.8264462809917356,0.8264462809917356
Brazil,Rural population (% of total population),0.0,0.0,0.0
Brazil,"Unemployment, total (% of total labor force) (modeled ILO estimate)",0.0,0.13774104683195593,0.13774104683195593
Brazil,Urban population,0.0,0.0,0.0
Brazil,Urban population (% of total population),0.0,0.0,0.0
Canada,"Age-standardized prevalence of current tobacco use among persons aged 15 years and older, by sex",0.0,3.581267217630854,3.581267217630854
Canada,"Birth rate, crude (per 1,000 people)",0.0,0.13774104683195593,0.13774104683195593
Canada,CO2 emissions (kg per PPP $ of GDP),0.0,0.27548209366391185,0.27548209366391185
Canada,Capital health expenditure (% of GDP),0.0,1.5151515151515151,1.5151515151515151
Canada,"Compulsory education, duration (years)",0.0,1.1019283746556474,1.1019283746556474
Canada,Control of Corruption: Estimate,0.0,1.2396694214876034,1.2396694214876034
Canada,"Current health expenditure per capita, PPP (current international $)",0.0,1.5151515151515151,1.5151515151515151
Canada,"Death rate, crude (per 1,000 people)",0.0,0.13774104683195593,0.13774104683195593
Canada,Diabetes prevalence (% of population ages 20 to 79),0.0,4.2699724517906334,4.2699724517906334
Canada,Domestic general government health expenditure (% of GDP),0.0,1.5151515151515151,1.5151515151515151
Canada,"Domestic general government health expenditure per capita, PPP (current international $)",0.0,1.5151515151515151,1.5151515151515151
Canada,Domestic private health expenditure (% of current health expenditure),0.0,1.5151515151515151,1.5151515151515151
Canada,"Fertility rate, total (births per woman)",0.0,0.13774104683195593,0.13774104683195593
Canada,"GDP, PPP (constant 2017 international $)",0.0,0.0,0.0
Canada,Gasto público social según la clasificación por funciones del gobierno,0.0,4.545454545454546,4.545454545454546
Canada,Gini index,0.0,0.4132231404958678,0.4132231404958678
Canada,"Government expenditure on education, total (% of GDP)",0.0,0.6887052341597797,0.6887052341597797
Canada,"Life expectancy at birth, female (years)",0.0,0.13774104683195593,0.13774104683195593
Canada,"Life expectancy at birth, male (years)",0.0,0.13774104683195593,0.13774104683195593
Canada,"Life expectancy at birth, total (years)",0.0,0.13774104683195593,0.13774104683195593
Canada,"Mortality rate, adult, female (per 1,000 female adults)",0.0,0.27548209366391185,0.27548209366391185
Canada,"Mortality rate, adult, male (per 1,000 male adults)",0.0,0.27548209366391185,0.27548209366391185
Canada,"Mortality rate, infant (per 1,000 live births)",0.0,0.13774104683195593,0.13774104683195593
Canada,Number of neonatal deaths,0.0,0.13774104683195593,0.13774104683195593
Canada,"PM2.5 air pollution, population exposed to levels exceeding WHO guideline value (% of total)",0.0,3.1680440771349865,3.1680440771349865
Canada,People using at least basic sanitation services (% of population),0.0,1.3774104683195594,1.3774104683195594
Canada,People using safely managed drinking water services (% of population),0.0,1.3774104683195594,1.3774104683195594
Canada,Political Stability and Absence of Violence/Terrorism: Estimate,0.0,1.2396694214876034,1.2396694214876034
Canada,"Population ages 80 and above, female",0.0,0.0,0.0
Canada,"Population ages 80 and above, male",0.0,0.0,0.0
Canada,Population density (people per sq. km of land area),0.0,4.545454545454546,4.545454545454546
Canada,"Population, female",0.0,0.0,0.0
Canada,"Population, female (% of total population)",0.0,0.0,0.0
Canada,"Population, male",0.0,0.0,0.0
Canada,"Population, male (% of total population)",0.0,0.0,0.0
Canada,"Population, total",0.0,0.0,0.0
Canada,Poverty gap at $6.85 a day (2017 PPP) (%),0.0,0.4132231404958678,0.4132231404958678
Canada,Pregnant women receiving prenatal care (%),0.0,4.40771349862259,4.40771349862259
Canada,Prevalence of overweight (% of adults),0.0,0.8264462809917356,0.8264462809917356
Canada,"Prevalence of overweight, weight for height (% of children under 5)",0.0,4.40771349862259,4.40771349862259
Canada,Prevalence of undernourishment (% of population),0.0,1.790633608815427,1.790633608815427
Canada,"Proportion of adults who are obese, 20 years old and over ,by sex",0.0,0.8264462809917356,0.8264462809917356
Canada,Rural population (% of total population),0.0,0.0,0.0
Canada,"Unemployment, total (% of total labor force) (modeled ILO estimate)",0.0,0.13774104683195593,0.13774104683195593
Canada,Urban population,0.0,0.0,0.0
Canada,Urban population (% of total population),0.0,0.0,0.0
Chile,"Age-standardized prevalence of current tobacco use among persons aged 15 years and older, by sex",0.0,3.581267217630854,3.581267217630854
Chile,"Birth rate, crude (per 1,000 people)",0.0,0.13774104683195593,0.13774104683195593
Chile,CO2 emissions (kg per PPP $ of GDP),0.0,0.27548209366391185,0.27548209366391185
Chile,Capital health expenditure (% of GDP),0.0,1.9283746556473829,1.9283746556473829
Chile,"Compulsory education, duration (years)",0.0,1.1019283746556474,1.1019283746556474
Chile,Control of Corruption: Estimate,0.0,1.2396694214876034,1.2396694214876034
Chile,"Current health expenditure per capita, PPP (current international $)",0.0,1.5151515151515151,1.5151515151515151
Chile,"Death rate, crude (per 1,000 people)",0.0,0.13774104683195593,0.13774104683195593
Chile,Diabetes prevalence (% of population ages 20 to 79),0.0,4.2699724517906334,4.2699724517906334
Chile,Domestic general government health expenditure (% of GDP),0.0,1.5151515151515151,1.5151515151515151
Chile,"Domestic general government health expenditure per capita, PPP (current international $)",0.0,1.5151515151515151,1.5151515151515151
Chile,Domestic private health expenditure (% of current health expenditure),0.0,1.5151515151515151,1.5151515151515151
Chile,"Fertility rate, total (births per woman)",0.0,0.13774104683195593,0.13774104683195593
Chile,"GDP, PPP (constant 2017 international $)",0.0,0.0,0.0
Chile,Gasto público social según la clasificación por funciones del gobierno,0.0,0.13774104683195593,0.13774104683195593
Chile,Gini index,0.0,2.6170798898071626,2.6170798898071626
Chile,"Government expenditure on education, total (% of GDP)",0.0,0.6887052341597797,0.6887052341597797
Chile,"Life expectancy at birth, female (years)",0.0,0.13774104683195593,0.13774104683195593
Chile,"Life expectancy at birth, male (years)",0.0,0.13774104683195593,0.13774104683195593
Chile,"Life expectancy at birth, total (years)",0.0,0.13774104683195593,0.13774104683195593
Chile,"Mortality rate, adult, female (per 1,000 female adults)",0.0,0.13774104683195593,0.13774104683195593
Chile,"Mortality rate, adult, male (per 1,000 male adults)",0.0,0.13774104683195593,0.13774104683195593
Chile,"Mortality rate, infant (per 1,000 live births)",0.0,0.13774104683195593,0.13774104683195593
Chile,Number of neonatal deaths,0.0,0.13774104683195593,0.13774104683195593
Chile,"PM2.5 air pollution, population exposed to levels exceeding WHO guideline value (% of total)",0.0,2.8925619834710745,2.8925619834710745
Chile,People using at least basic sanitation services (% of population),0.0,1.3774104683195594,1.3774104683195594
Chile,People using safely managed drinking water services (% of population),0.0,1.3774104683195594,1.3774104683195594
Chile,Political Stability and Absence of Violence/Terrorism: Estimate,0.0,1.2396694214876034,1.2396694214876034
Chile,"Population ages 80 and above, female",0.0,0.0,0.0
Chile,"Population ages 80 and above, male",0.0,0.0,0.0
Chile,Population density (people per sq. km of land area),0.0,0.13774104683195593,0.13774104683195593
Chile,"Population, female",0.0,0.0,0.0
Chile,"Population, female (% of total population)",0.0,0.0,0.0
Chile,"Population, male",0.0,0.0,0.0
Chile,"Population, male (% of total population)",0.0,0.0,0.0
Chile,"Population, total",0.0,0.0,0.0
Chile,Poverty gap at $6.85 a day (2017 PPP) (%),0.0,2.6170798898071626,2.6170798898071626
Chile,Pregnant women receiving prenatal care (%),0.0,4.40771349862259,4.40771349862259
Chile,Prevalence of overweight (% of adults),0.0,0.8264462809917356,0.8264462809917356
Chile,"Prevalence of overweight, weight for height (% of children under 5)",0.0,2.6170798898071626,2.6170798898071626
Chile,Prevalence of undernourishment (% of population),0.0,1.790633608815427,1.790633608815427
Chile,"Proportion of adults who are obese, 20 years old and over ,by sex",0.0,0.8264462809917356,0.8264462809917356
Chile,Rural population (% of total population),0.0,0.0,0.0
Chile,"Unemployment, total (% of total labor force) (modeled ILO estimate)",0.0,0.13774104683195593,0.13774104683195593
Chile,Urban population,0.0,0.0,0.0
Chile,Urban population (% of total population),0.0,0.0,0.0
Colombia,"Age-standardized prevalence of current tobacco use among persons aged 15 years and older, by sex",0.0,3.581267217630854,3.581267217630854
Colombia,"Birth rate, crude (per 1,000 people)",0.0,0.13774104683195593,0.13774104683195593
Colombia,CO2 emissions (kg per PPP $ of GDP),0.0,0.27548209366391185,0.27548209366391185
Colombia,Capital health expenditure (% of GDP),0.0,2.479338842975207,2.479338842975207
Colombia,"Compulsory education, duration (years)",0.0,1.1019283746556474,1.1019283746556474
Colombia,Control of Corruption: Estimate,0.0,1.2396694214876034,1.2396694214876034
Colombia,"Current health expenditure per capita, PPP (current international $)",0.0,1.6528925619834711,1.6528925619834711
Colombia,"Death rate, crude (per 1,000 people)",0.0,0.13774104683195593,0.13774104683195593
Colombia,Diabetes prevalence (% of population ages 20 to 79),0.0,4.2699724517906334,4.2699724517906334
Colombia,Domestic general government health expenditure (% of GDP),0.0,1.6528925619834711,1.6528925619834711
Colombia,"Domestic general government health expenditure per capita, PPP (current international $)",0.0,1.6528925619834711,1.6528925619834711
Colombia,Domestic private health expenditure (% of current health expenditure),0.0,1.6528925619834711,1.6528925619834711
Colombia,"Fertility rate, total (births per woman)",0.0,0.13774104683195593,0.13774104683195593
Colombia,"GDP, PPP (constant 2017 international $)",0.0,0.0,0.0
Colombia,Gasto público social según la clasificación por funciones del gobierno,0.0,0.13774104683195593,0.13774104683195593
Colombia,Gini index,0.0,1.3774104683195594,1.3774104683195594
Colombia,"Government expenditure on education, total (% of GDP)",0.0,1.3774104683195594,1.3774104683195594
Colombia,"Life expectancy at birth, female (years)",0.0,0.13774104683195593,0.13774104683195593
Colombia,"Life expectancy at birth, male (years)",0.0,0.13774104683195593,0.13774104683195593
Colombia,"Life expectancy at birth, total (years)",0.0,0.13774104683195593,0.13774104683195593
Colombia,"Mortality rate, adult, female (per 1,000 female adults)",0.0,0.13774104683195593,0.13774104683195593
Colombia,"Mortality rate, adult, male (per 1,000 male adults)",0.0,0.13774104683195593,0.13774104683195593
Colombia,"Mortality rate, infant (per 1,000 live births)",0.0,0.13774104683195593,0.13774104683195593
Colombia,Number of neonatal deaths,0.0,0.13774104683195593,0.13774104683195593
Colombia,"PM2.5 air pollution, population exposed to levels exceeding WHO guideline value (% of total)",0.0,2.8925619834710745,2.8925619834710745
Colombia,People using at least basic sanitation services (% of population),0.0,1.3774104683195594,1.3774104683195594
Colombia,People using safely managed drinking water services (% of population),0.0,1.3774104683195594,1.3774104683195594
Colombia,Political Stability and Absence of Violence/Terrorism: Estimate,0.0,1.2396694214876034,1.2396694214876034
Colombia,"Population ages 80 and above, female",0.0,0.0,0.0
Colombia,"Population ages 80 and above, male",0.0,0.0,0.0
Colombia,Population density (people per sq. km of land area),0.0,0.13774104683195593,0.13774104683195593
Colombia,"Population, female",0.0,0.0,0.0
Colombia,"Population, female (% of total population)",0.0,0.0,0.0
Colombia,"Population, male",0.0,0.0,0.0
Colombia,"Population, male (% of total population)",0.0,0.0,0.0
Colombia,"Population, total",0.0,0.0,0.0
Colombia,Poverty gap at $6.85 a day (2017 PPP) (%),0.0,1.3774104683195594,1.3774104683195594
Colombia,Pregnant women receiving prenatal care (%),0.0,3.443526170798898,3.443526170798898
Colombia,Prevalence of overweight (% of adults),0.0,0.8264462809917356,0.8264462809917356
Colombia,"Prevalence of overweight, weight for height (% of children under 5)",0.0,3.8567493112947657,3.8567493112947657
Colombia,Prevalence of undernourishment (% of population),0.0,1.790633608815427,1.790633608815427
Colombia,"Proportion of adults who are obese, 20 years old and over ,by sex",0.0,0.8264462809917356,0.8264462809917356
Colombia,Rural population (% of total population),0.0,0.0,0.0
Colombia,"Unemployment, total (% of total labor force) (modeled ILO estimate)",0.0,0.13774104683195593,0.13774104683195593
Colombia,Urban population,0.0,0.0,0.0
Colombia,Urban population (% of total population),0.0,0.0,0.0
Costa Rica,"Age-standardized prevalence of current tobacco use among persons aged 15 years and older, by sex",0.0,3.581267217630854,3.581267217630854
Costa Rica,"Birth rate, crude (per 1,000 people)",0.0,0.13774104683195593,0.13774104683195593
Costa Rica,CO2 emissions (kg per PPP $ of GDP),0.0,0.27548209366391185,0.27548209366391185
Costa Rica,Capital health expenditure (% of GDP),0.0,1.6528925619834711,1.6528925619834711
Costa Rica,"Compulsory education, duration (years)",0.0,1.1019283746556474,1.1019283746556474
Costa Rica,Control of Corruption: Estimate,0.0,1.2396694214876034,1.2396694214876034
Costa Rica,"Current health expenditure per capita, PPP (current international $)",0.0,1.6528925619834711,1.6528925619834711
Costa Rica,"Death rate, crude (per 1,000 people)",0.0,0.13774104683195593,0.13774104683195593
Costa Rica,Diabetes prevalence (% of population ages 20 to 79),0.0,4.2699724517906334,4.2699724517906334
Costa Rica,Domestic general government health expenditure (% of GDP),0.0,1.6528925619834711,1.6528925619834711
Costa Rica,"Domestic general government health expenditure per capita, PPP (current international $)",0.0,1.6528925619834711,1.6528925619834711
Costa Rica,Domestic private health expenditure (% of current health expenditure),0.0,1.6528925619834711,1.6528925619834711
Costa Rica,"Fertility rate, total (births per woman)",0.0,0.13774104683195593,0.13774104683195593
Costa Rica,"GDP, PPP (constant 2017 international $)",0.0,0.0,0.0
Costa Rica,Gasto público social según la clasificación por funciones del gobierno,0.0,0.5509641873278237,0.5509641873278237
Costa Rica,Gini index,0.0,0.0,0.0
Costa Rica,"Government expenditure on education, total (% of GDP)",0.0,1.2396694214876034,1.2396694214876034
Costa Rica,"Life expectancy at birth, female (years)",0.0,0.13774104683195593,0.13774104683195593
Costa Rica,"Life expectancy at birth, male (years)",0.0,0.13774104683195593,0.13774104683195593
Costa Rica,"Life expectancy at birth, total (years)",0.0,0.13774104683195593,0.13774104683195593
Costa Rica,"Mortality rate, adult, female (per 1,000 female adults)",0.0,0.13774104683195593,0.13774104683195593
Costa Rica,"Mortality rate, adult, male (per 1,000 male adults)",0.0,0.13774104683195593,0.13774104683195593
Costa Rica,"Mortality rate, infant (per 1,000 live births)",0.0,0.13774104683195593,0.13774104683195593
Costa Rica,Number of neonatal deaths,0.0,0.13774104683195593,0.13774104683195593
Costa Rica,"PM2.5 air pollution, population exposed to levels exceeding WHO guideline value (% of total)",0.0,2.8925619834710745,2.8925619834710745
Costa Rica,People using at least basic sanitation services (% of population),0.0,1.3774104683195594,1.3774104683195594
Costa Rica,People using safely managed drinking water services (% of population),0.0,1.3774104683195594,1.3774104683195594
Costa Rica,Political Stability and Absence of Violence/Terrorism: Estimate,0.0,1.2396694214876034,1.2396694214876034
Costa Rica,"Population ages 80 and above, female",0.0,0.0,0.0
Costa Rica,"Population ages 80 and above, male",0.0,0.0,0.0
Costa Rica,Population density (people per sq. km of land area),0.0,0.13774104683195593,0.13774104683195593
Costa Rica,"Population, female",0.0,0.0,0.0
Costa Rica,"Population, female (% of total population)",0.0,0.0,0.0
Costa Rica,"Population, male",0.0,0.0,0.0
Costa Rica,"Population, male (% of total population)",0.0,0.0,0.0
Costa Rica,"Population, total",0.0,0.0,0.0
Costa Rica,Poverty gap at $6.85 a day (2017 PPP) (%),0.0,0.0,0.0
Costa Rica,Pregnant women receiving prenatal care (%),0.0,3.443526170798898,3.443526170798898
Costa Rica,Prevalence of overweight (% of adults),0.0,0.8264462809917356,0.8264462809917356
Costa Rica,"Prevalence of overweight, weight for height (% of children under 5)",0.0,4.132231404958678,4.132231404958678
Costa Rica,Prevalence of undernourishment (% of population),0.0,1.790633608815427,1.790633608815427
Costa Rica,"Proportion of adults who are obese, 20 years old and over ,by sex",0.0,0.8264462809917356,0.8264462809917356
Costa Rica,Rural population (% of total population),0.0,0.0,0.0
Costa Rica,"Unemployment, total (% of total labor force) (modeled ILO estimate)",0.0,0.13774104683195593,0.13774104683195593
Costa Rica,Urban population,0.0,0.0,0.0
Costa Rica,Urban population (% of total population),0.0,0.0,0.0
Cuba,"Age-standardized prevalence of current tobacco use among persons aged 15 years and older, by sex",0.0,3.581267217630854,3.581267217630854
Cuba,"Birth rate, crude (per 1,000 people)",0.0,0.13774104683195593,0.13774104683195593
Cuba,CO2 emissions (kg per PPP $ of GDP),0.0,4.545454545454546,4.545454545454546
Cuba,Capital health expenditure (% of GDP),0.0,1.6528925619834711,1.6528925619834711
Cuba,"Compulsory education, duration (years)",0.0,1.1019283746556474,1.1019283746556474
Cuba,Control of Corruption: Estimate,0.0,1.2396694214876034,1.2396694214876034
Cuba,"Current health expenditure per capita, PPP (current international $)",0.0,1.6528925619834711,1.6528925619834711
Cuba,"Death rate, crude (per 1,000 people)",0.0,0.13774104683195593,0.13774104683195593
Cuba,Diabetes prevalence (% of population ages 20 to 79),0.0,4.2699724517906334,4.2699724517906334
Cuba,Domestic general government health expenditure (% of GDP),0.0,1.6528925619834711,1.6528925619834711
Cuba,"Domestic general government health expenditure per capita, PPP (current international $)",0.0,1.6528925619834711,1.6528925619834711
Cuba,Domestic private health expenditure (% of current health expenditure),0.0,1.6528925619834711,1.6528925619834711
Cuba,"Fertility rate, total (births per woman)",0.0,0.13774104683195593,0.13774104683195593
Cuba,"GDP, PPP (constant 2017 international $)",0.0,4.545454545454546,4.545454545454546
Cuba,Gasto público social según la clasificación por funciones del gobierno,0.0,1.9283746556473829,1.9283746556473829
Cuba,Gini index,0.0,4.545454545454546,4.545454545454546
Cuba,"Government expenditure on education, total (% of GDP)",0.0,1.3774104683195594,1.3774104683195594
Cuba,"Life expectancy at birth, female (years)",0.0,0.13774104683195593,0.13774104683195593
Cuba,"Life expectancy at birth, male (years)",0.0,0.13774104683195593,0.13774104683195593
Cuba,"Life expectancy at birth, total (years)",0.0,0.13774104683195593,0.13774104683195593
Cuba,"Mortality rate, adult, female (per 1,000 female adults)",0.0,0.13774104683195593,0.13774104683195593
Cuba,"Mortality rate, adult, male (per 1,000 male adults)",0.0,0.13774104683195593,0.13774104683195593
Cuba,"Mortality rate, infant (per 1,000 live births)",0.0,0.13774104683195593,0.13774104683195593
Cuba,Number of neonatal deaths,0.0,0.13774104683195593,0.13774104683195593
Cuba,"PM2.5 air pollution, population exposed to levels exceeding WHO guideline value (% of total)",0.0,2.8925619834710745,2.8925619834710745
Cuba,People using at least basic sanitation services (% of population),0.0,1.3774104683195594,1.3774104683195594
Cuba,People using safely managed drinking water services (% of population),0.0,4.545454545454546,4.545454545454546
Cuba,Political Stability and Absence of Violence/Terrorism: Estimate,0.0,1.2396694214876034,1.2396694214876034
Cuba,"Population ages 80 and above, female",0.0,0.0,0.0
Cuba,"Population ages 80 and above, male",0.0,0.0,0.0
Cuba,Population density (people per sq. km of land area),0.0,0.13774104683195593,0.13774104683195593
Cuba,"Population, female",0.0,0.0,0.0
Cuba,"Population, female (% of total population)",0.0,0.0,0.0
Cuba,"Population, male",0.0,0.0,0.0
Cuba,"Population, male (% of total population)",0.0,0.0,0.0
Cuba,"Population, total",0.0,0.0,0.0
Cuba,Poverty gap at $6.85 a day (2017 PPP) (%),0.0,4.545454545454546,4.545454545454546
Cuba,Pregnant women receiving prenatal care (%),0.0,3.0303030303030303,3.0303030303030303
Cuba,Prevalence of overweight (% of adults),0.0,0.8264462809917356,0.8264462809917356
Cuba,"Prevalence of overweight, weight for height (% of children under 5)",0.0,4.40771349862259,4.40771349862259
Cuba,Prevalence of undernourishment (% of population),0.0,1.790633608815427,1.790633608815427
Cuba,"Proportion of adults who are obese, 20 years old and over ,by sex",0.0,0.8264462809917356,0.8264462809917356
Cuba,Rural population (% of total population),0.0,0.0,0.0
Cuba,"Unemployment, total (% of total labor force) (modeled ILO estimate)",0.0,0.13774104683195593,0.13774104683195593
Cuba,Urban population,0.0,0.0,0.0
Cuba,Urban population (% of total population),0.0,0.0,0.0
Dominican Republic,"Age-standardized prevalence of current tobacco use among persons aged 15 years and older, by sex",0.0,3.581267217630854,3.581267217630854
Dominican Republic,"Birth rate, crude (per 1,000 people)",0.0,0.13774104683195593,0.13774104683195593
Dominican Republic,CO2 emissions (kg per PPP $ of GDP),0.0,0.27548209366391185,0.27548209366391185
Dominican Republic,Capital health expenditure (% of GDP),0.0,1.9283746556473829,1.9283746556473829
Dominican Republic,"Compulsory education, duration (years)",0.0,1.1019283746556474,1.1019283746556474
Dominican Republic,Control of Corruption: Estimate,0.0,1.2396694214876034,1.2396694214876034
Dominican Republic,"Current health expenditure per capita, PPP (current international $)",0.0,1.6528925619834711,1.6528925619834711
Dominican Republic,"Death rate, crude (per 1,000 people)",0.0,0.13774104683195593,0.13774104683195593
Dominican Republic,Diabetes prevalence (% of population ages 20 to 79),0.0,4.2699724517906334,4.2699724517906334
Dominican Republic,Domestic general government health expenditure (% of GDP),0.0,1.6528925619834711,1.6528925619834711
Dominican Republic,"Domestic general government health expenditure per capita, PPP (current international $)",0.0,1.6528925619834711,1.6528925619834711
Dominican Republic,Domestic private health expenditure (% of current health expenditure),0.0,1.6528925619834711,1.6528925619834711
Dominican Republic,"Fertility rate, total (births per woman)",0.0,0.13774104683195593,0.13774104683195593
Dominican Republic,"GDP, PPP (constant 2017 international $)",0.0,0.0,0.0
Dominican Republic,Gasto público social según la clasificación por funciones del gobierno,0.0,4.545454545454546,4.545454545454546
Dominican Republic,Gini index,0.0,1.1019283746556474,1.1019283746556474
Dominican Republic,"Government expenditure on education, total (% of GDP)",0.0,1.9283746556473829,1.9283746556473829
Dominican Republic,"Life expectancy at birth, female (years)",0.0,0.13774104683195593,0.13774104683195593
Dominican Republic,"Life expectancy at birth, male (years)",0.0,0.13774104683195593,0.13774104683195593
Dominican Republic,"Life expectancy at birth, total (years)",0.0,0.13774104683195593,0.13774104683195593
Dominican Republic,"Mortality rate, adult, female (per 1,000 female adults)",0.0,0.13774104683195593,0.13774104683195593
Dominican Republic,"Mortality rate, adult, male (per 1,000 male adults)",0.0,0.13774104683195593,0.13774104683195593
Dominican Republic,"Mortality rate, infant (per 1,000 live births)",0.0,0.13774104683195593,0.13774104683195593
Dominican Republic,Number of neonatal deaths,0.0,0.13774104683195593,0.13774104683195593
Dominican Republic,"PM2.5 air pollution, population exposed to levels exceeding WHO guideline value (% of total)",0.0,2.8925619834710745,2.8925619834710745
Dominican Republic,People using at least basic sanitation services (% of population),0.0,1.3774104683195594,1.3774104683195594
Dominican Republic,People using safely managed drinking water services (% of population),0.0,1.3774104683195594,1.3774104683195594
Dominican Republic,Political Stability and Absence of Violence/Terrorism: Estimate,0.0,1.2396694214876034,1.2396694214876034
Dominican Republic,"Population ages 80 and above, female",0.0,0.0,0.0
Dominican Republic,"Population ages 80 and above, male",0.0,0.0,0.0
Dominican Republic,Population density (people per sq. km of land area),0.0,0.13774104683195593,0.13774104683195593
Dominican Republic,"Population, female",0.0,0.0,0.0
Dominican Republic,"Population, female (% of total population)",0.0,0.0,0.0
Dominican Republic,"Population, male",0.0,0.0,0.0
Dominican Republic,"Population, male (% of total population)",0.0,0.0,0.0
Dominican Republic,"Population, total",0.0,0.0,0.0
Dominican Republic,Poverty gap at $6.85 a day (2017 PPP) (%),0.0,1.1019283746556474,1.1019283746556474
Dominican Republic,Pregnant women receiving prenatal care (%),0.0,3.1680440771349865,3.1680440771349865
Dominican Republic,Prevalence of overweight (% of adults),0.0,0.8264462809917356,0.8264462809917356
Dominican Republic,"Prevalence of overweight, weight for height (% of children under 5)",0.0,3.443526170798898,3.443526170798898
Dominican Republic,Prevalence of undernourishment (% of population),0.0,1.790633608815427,1.790633608815427
Dominican Republic,"Proportion of adults who are obese, 20 years old and over ,by sex",0.0,0.8264462809917356,0.8264462809917356
Dominican Republic,Rural population (% of total population),0.0,0.0,0.0
Dominican Republic,"Unemployment, total (% of total labor force) (modeled ILO estimate)",0.0,0.13774104683195593,0.13774104683195593
Dominican Republic,Urban population,0.0,0.0,0.0
Dominican Republic,Urban population (% of total population),0.0,0.0,0.0
Ecuador,"Age-standardized prevalence of current tobacco use among persons aged 15 years and older, by sex",0.0,3.581267217630854,3.581267217630854
Ecuador,"Birth rate, crude (per 1,000 people)",0.0,0.13774104683195593,0.13774104683195593
Ecuador,CO2 emissions (kg per PPP $ of GDP),0.0,0.27548209366391185,0.27548209366391185
Ecuador,Capital health expenditure (% of GDP),0.0,1.6528925619834711,1.6528925619834711
Ecuador,"Compulsory education, duration (years)",0.0,1.1019283746556474,1.1019283746556474
Ecuador,Control of Corruption: Estimate,0.0,1.2396694214876034,1.2396694214876034
Ecuador,"Current health expenditure per capita, PPP (current international $)",0.0,1.6528925619834711,1.6528925619834711
Ecuador,"Death rate, crude (per 1,000 people)",0.0,0.13774104683195593,0.13774104683195593
Ecuador,Diabetes prevalence (% of population ages 20 to 79),0.0,4.2699724517906334,4.2699724517906334
Ecuador,Domestic general government health expenditure (% of GDP),0.0,1.6528925619834711,1.6528925619834711
Ecuador,"Domestic general government health expenditure per capita, PPP (current international $)",0.0,1.6528925619834711,1.6528925619834711
Ecuador,Domestic private health expenditure (% of current health expenditure),0.0,1.6528925619834711,1.6528925619834711
Ecuador,"Fertility rate, total (births per woman)",0.0,0.13774104683195593,0.13774104683195593
Ecuador,"GDP, PPP (constant 2017 international $)",0.0,0.0,0.0
Ecuador,Gasto público social según la clasificación por funciones del gobierno,0.0,1.5151515151515151,1.5151515151515151
Ecuador,Gini index,0.0,1.3774104683195594,1.3774104683195594
Ecuador,"Government expenditure on education, total (% of GDP)",0.0,2.066115702479339,2.066115702479339
Ecuador,"Life expectancy at birth, female (years)",0.0,0.13774104683195593,0.13774104683195593
Ecuador,"Life expectancy at birth, male (years)",0.0,0.13774104683195593,0.13774104683195593
Ecuador,"Life expectancy at birth, total (years)",0.0,0.13774104683195593,0.13774104683195593
Ecuador,"Mortality rate, adult, female (per 1,000 female adults)",0.0,0.13774104683195593,0.13774104683195593
Ecuador,"Mortality rate, adult, male (per 1,000 male adults)",0.0,0.13774104683195593,0.13774104683195593
Ecuador,"Mortality rate, infant (per 1,000 live births)",0.0,0.13774104683195593,0.13774104683195593
Ecuador,Number of neonatal deaths,0.0,0.13774104683195593,0.13774104683195593
Ecuador,"PM2.5 air pollution, population exposed to levels exceeding WHO guideline value (% of total)",0.0,2.8925619834710745,2.8925619834710745
Ecuador,People using at least basic sanitation services (% of population),0.0,1.3774104683195594,1.3774104683195594
Ecuador,People using safely managed drinking water services (% of population),0.0,1.3774104683195594,1.3774104683195594
Ecuador,Political Stability and Absence of Violence/Terrorism: Estimate,0.0,1.2396694214876034,1.2396694214876034
Ecuador,"Population ages 80 and above, female",0.0,0.0,0.0
Ecuador,"Population ages 80 and above, male",0.0,0.0,0.0
Ecuador,Population density (people per sq. km of land area),0.0,0.13774104683195593,0.13774104683195593
Ecuador,"Population, female",0.0,0.0,0.0
Ecuador,"Population, female (% of total population)",0.0,0.0,0.0
Ecuador,"Population, male",0.0,0.0,0.0
Ecuador,"Population, male (% of total population)",0.0,0.0,0.0
Ecuador,"Population, total",0.0,0.0,0.0
Ecuador,Poverty gap at $6.85 a day (2017 PPP) (%),0.0,1.3774104683195594,1.3774104683195594
Ecuador,Pregnant women receiving prenatal care (%),0.0,4.132231404958678,4.132231404958678
Ecuador,Prevalence of overweight (% of adults),0.0,0.8264462809917356,0.8264462809917356
Ecuador,"Prevalence of overweight, weight for height (% of children under 5)",0.0,3.71900826446281,3.71900826446281
Ecuador,Prevalence of undernourishment (% of population),0.0,1.790633608815427,1.790633608815427
Ecuador,"Proportion of adults who are obese, 20 years old and over ,by sex",0.0,0.8264462809917356,0.8264462809917356
Ecuador,Rural population (% of total population),0.0,0.0,0.0
Ecuador,"Unemployment, total (% of total labor force) (modeled ILO estimate)",0.0,0.13774104683195593,0.13774104683195593
Ecuador,Urban population,0.0,0.0,0.0
Ecuador,Urban population (% of total population),0.0,0.0,0.0
El Salvador,"Age-standardized prevalence of current tobacco use among persons aged 15 years and older, by sex",0.0,3.581267217630854,3.581267217630854
El Salvador,"Birth rate, crude (per 1,000 people)",0.0,0.13774104683195593,0.13774104683195593
El Salvador,CO2 emissions (kg per PPP $ of GDP),0.0,0.27548209366391185,0.27548209366391185
El Salvador,Capital health expenditure (% of GDP),0.0,3.994490358126722,3.994490358126722
El Salvador,"Compulsory education, duration (years)",0.0,1.1019283746556474,1.1019283746556474
El Salvador,Control of Corruption: Estimate,0.0,1.2396694214876034,1.2396694214876034
El Salvador,"Current health expenditure per capita, PPP (current international $)",0.0,1.6528925619834711,1.6528925619834711
El Salvador,"Death rate, crude (per 1,000 people)",0.0,0.13774104683195593,0.13774104683195593
El Salvador,Diabetes prevalence (% of population ages 20 to 79),0.0,4.2699724517906334,4.2699724517906334
El Salvador,Domestic general government health expenditure (% of GDP),0.0,1.6528925619834711,1.6528925619834711
El Salvador,"Domestic general government health expenditure per capita, PPP (current international $)",0.0,1.6528925619834711,1.6528925619834711
El Salvador,Domestic private health expenditure (% of current health expenditure),0.0,1.6528925619834711,1.6528925619834711
El Salvador,"Fertility rate, total (births per woman)",0.0,0.13774104683195593,0.13774104683195593
El Salvador,"GDP, PPP (constant 2017 international $)",0.0,0.0,0.0
El Salvador,Gasto público social según la clasificación por funciones del gobierno,0.0,0.13774104683195593,0.13774104683195593
El Salvador,Gini index,0.0,0.8264462809917356,0.8264462809917356
El Salvador,"Government expenditure on education, total (% of GDP)",0.0,1.3774104683195594,1.3774104683195594
El Salvador,"Life expectancy at birth, female (years)",0.0,0.13774104683195593,0.13774104683195593
El Salvador,"Life expectancy at birth, male (years)",0.0,0.13774104683195593,0.13774104683195593
El Salvador,"Life expectancy at birth, total (years)",0.0,0.13774104683195593,0.13774104683195593
El Salvador,"Mortality rate, adult, female (per 1,000 female adults)",0.0,0.13774104683195593,0.13774104683195593
El Salvador,"Mortality rate, adult, male (per 1,000 male adults)",0.0,0.13774104683195593,0.13774104683195593
El Salvador,"Mortality rate, infant (per 1,000 live births)",0.0,0.13774104683195593,0.13774104683195593
El Salvador,Number of neonatal deaths,0.0,0.13774104683195593,0.13774104683195593
El Salvador,"PM2.5 air pollution, population exposed to levels exceeding WHO guideline value (% of total)",0.0,2.8925619834710745,2.8925619834710745
El Salvador,People using at least basic sanitation services (% of population),0.0,1.3774104683195594,1.3774104683195594
El Salvador,People using safely managed drinking water services (% of population),0.0,4.545454545454546,4.545454545454546
El Salvador,Political Stability and Absence of Violence/Terrorism: Estimate,0.0,1.2396694214876034,1.2396694214876034
El Salvador,"Population ages 80 and above, female",0.0,0.0,0.0
El Salvador,"Population ages 80 and above, male",0.0,0.0,0.0
El Salvador,Population density (people per sq. km of land area),0.0,0.13774104683195593,0.13774104683195593
El Salvador,"Population, female",0.0,0.0,0.0
El Salvador,"Population, female (% of total population)",0.0,0.0,0.0
El Salvador,"Population, male",0.0,0.0,0.0
El Salvador,"Population, male (% of total population)",0.0,0.0,0.0
El Salvador,"Population, total",0.0,0.0,0.0
El Salvador,Poverty gap at $6.85 a day (2017 PPP) (%),0.0,0.8264462809917356,0.8264462809917356
El Salvador,Pregnant women receiving prenatal care (%),0.0,3.8567493112947657,3.8567493112947657
El Salvador,Prevalence of overweight (% of adults),0.0,0.8264462809917356,0.8264462809917356
El Salvador,"Prevalence of overweight, weight for height (% of children under 5)",0.0,3.8567493112947657,3.8567493112947657
El Salvador,Prevalence of undernourishment (% of population),0.0,1.790633608815427,1.790633608815427
El Salvador,"Proportion of adults who are obese, 20 years old and over ,by sex",0.0,0.8264462809917356,0.8264462809917356
El Salvador,Rural population (% of total population),0.0,0.0,0.0
El Salvador,"Unemployment, total (% of total labor force) (modeled ILO estimate)",0.0,0.13774104683195593,0.13774104683195593
El Salvador,Urban population,0.0,0.0,0.0
El Salvador,Urban population (% of total population),0.0,0.0,0.0
Guatemala,"Age-standardized prevalence of current tobacco use among persons aged 15 years and older, by sex",0.0,3.581267217630854,3.581267217630854
Guatemala,"Birth rate, crude (per 1,000 people)",0.0,0.13774104683195593,0.13774104683195593
Guatemala,CO2 emissions (kg per PPP $ of GDP),0.0,0.27548209366391185,0.27548209366391185
Guatemala,Capital health expenditure (% of GDP),0.0,1.6528925619834711,1.6528925619834711
Guatemala,"Compulsory education, duration (years)",0.0,1.1019283746556474,1.1019283746556474
Guatemala,Control of Corruption: Estimate,0.0,1.2396694214876034,1.2396694214876034
Guatemala,"Current health expenditure per capita, PPP (current international $)",0.0,1.6528925619834711,1.6528925619834711
Guatemala,"Death rate, crude (per 1,000 people)",0.0,0.13774104683195593,0.13774104683195593
Guatemala,Diabetes prevalence (% of population ages 20 to 79),0.0,4.2699724517906334,4.2699724517906334
Guatemala,Domestic general government health expenditure (% of GDP),0.0,1.6528925619834711,1.6528925619834711
Guatemala,"Domestic general government health expenditure per capita, PPP (current international $)",0.0,1.6528925619834711,1.6528925619834711
Guatemala,Domestic private health expenditure (% of current health expenditure),0.0,1.6528925619834711,1.6528925619834711
Guatemala,"Fertility rate, total (births per woman)",0.0,0.13774104683195593,0.13774104683195593
Guatemala,"GDP, PPP (constant 2017 international $)",0.0,0.0,0.0
Guatemala,Gasto público social según la clasificación por funciones del gobierno,0.0,0.27548209366391185,0.27548209366391185
Guatemala,Gini index,0.0,4.132231404958678,4.132231404958678
Guatemala,"Government expenditure on education, total (% of GDP)",0.0,1.790633608815427,1.790633608815427
Guatemala,"Life expectancy at birth, female (years)",0.0,0.13774104683195593,0.13774104683195593
Guatemala,"Life expectancy at birth, male (years)",0.0,0.13774104683195593,0.13774104683195593
Guatemala,"Life expectancy at birth, total (years)",0.0,0.13774104683195593,0.13774104683195593
Guatemala,"Mortality rate, adult, female (per 1,000 female adults)",0.0,0.13774104683195593,0.13774104683195593
Guatemala,"Mortality rate, adult, male (per 1,000 male adults)",0.0,0.13774104683195593,0.13774104683195593
Guatemala,"Mortality rate, infant (per 1,000 live births)",0.0,0.13774104683195593,0.13774104683195593
Guatemala,Number of neonatal deaths,0.0,0.13774104683195593,0.13774104683195593
Guatemala,"PM2.5 air pollution, population exposed to levels exceeding WHO guideline value (% of total)",0.0,2.8925619834710745,2.8925619834710745
Guatemala,People using at least basic sanitation services (% of population),0.0,1.3774104683195594,1.3774104683195594
Guatemala,People using safely managed drinking water services (% of population),0.0,1.3774104683195594,1.3774104683195594
Guatemala,Political Stability and Absence of Violence/Terrorism: Estimate,0.0,1.2396694214876034,1.2396694214876034
Guatemala,"Population ages 80 and above, female",0.0,0.0,0.0
Guatemala,"Population ages 80 and above, male",0.0,0.0,0.0
Guatemala,Population density (people per sq. km of land area),0.0,0.13774104683195593,0.13774104683195593
Guatemala,"Population, female",0.0,0.0,0.0
Guatemala,"Population, female (% of total population)",0.0,0.0,0.0
Guatemala,"Population, male",0.0,0.0,0.0
Guatemala,"Population, male (% of total population)",0.0,0.0,0.0
Guatemala,"Population, total",0.0,0.0,0.0
Guatemala,Poverty gap at $6.85 a day (2017 PPP) (%),0.0,3.994490358126722,3.994490358126722
Guatemala,Pregnant women receiving prenatal care (%),0.0,3.8567493112947657,3.8567493112947657
Guatemala,Prevalence of overweight (% of adults),0.0,0.8264462809917356,0.8264462809917356
Guatemala,"Prevalence of overweight, weight for height (% of children under 5)",0.0,3.71900826446281,3.71900826446281
Guatemala,Prevalence of undernourishment (% of population),0.0,1.790633608815427,1.790633608815427
Guatemala,"Proportion of adults who are obese, 20 years old and over ,by sex",0.0,0.8264462809917356,0.8264462809917356
Guatemala,Rural population (% of total population),0.0,0.0,0.0
Guatemala,"Unemployment, total (% of total labor force) (modeled ILO estimate)",0.0,0.13774104683195593,0.13774104683195593
Guatemala,Urban population,0.0,0.0,0.0
Guatemala,Urban population (% of total population),0.0,0.0,0.0
Guyana,"Age-standardized prevalence of current tobacco use among persons aged 15 years and older, by sex",0.0,3.581267217630854,3.581267217630854
Guyana,"Birth rate, crude (per 1,000 people)",0.0,0.13774104683195593,0.13774104683195593
Guyana,CO2 emissions (kg per PPP $ of GDP),0.0,0.27548209366391185,0.27548209366391185
Guyana,Capital health expenditure (% of GDP),0.0,2.3415977961432506,2.3415977961432506
Guyana,"Compulsory education, duration (years)",0.0,1.1019283746556474,1.1019283746556474
Guyana,Control of Corruption: Estimate,0.0,1.2396694214876034,1.2396694214876034
Guyana,"Current health expenditure per capita, PPP (current international $)",0.0,1.6528925619834711,1.6528925619834711
Guyana,"Death rate, crude (per 1,000 people)",0.0,0.13774104683195593,0.13774104683195593
Guyana,Diabetes prevalence (% of population ages 20 to 79),0.0,4.2699724517906334,4.2699724517906334
Guyana,Domestic general government health expenditure (% of GDP),0.0,1.6528925619834711,1.6528925619834711
Guyana,"Domestic general government health expenditure per capita, PPP (current international $)",0.0,1.6528925619834711,1.6528925619834711
Guyana,Domestic private health expenditure (% of current health expenditure),0.0,1.6528925619834711,1.6528925619834711
Guyana,"Fertility rate, total (births per woman)",0.0,0.13774104683195593,0.13774104683195593
Guyana,"GDP, PPP (constant 2017 international $)",0.0,0.0,0.0
Guyana,Gasto público social según la clasificación por funciones del gobierno,0.0,2.066115702479339,2.066115702479339
Guyana,Gini index,0.0,4.40771349862259,4.40771349862259
Guyana,"Government expenditure on education, total (% of GDP)",0.0,1.790633608815427,1.790633608815427
Guyana,"Life expectancy at birth, female (years)",0.0,0.13774104683195593,0.13774104683195593
Guyana,"Life expectancy at birth, male (years)",0.0,0.13774104683195593,0.13774104683195593
Guyana,"Life expectancy at birth, total (years)",0.0,0.13774104683195593,0.13774104683195593
Guyana,"Mortality rate, adult, female (per 1,000 female adults)",0.0,0.13774104683195593,0.13774104683195593
Guyana,"Mortality rate, adult, male (per 1,000 male adults)",0.0,0.13774104683195593,0.13774104683195593
Guyana,"Mortality rate, infant (per 1,000 live births)",0.0,0.13774104683195593,0.13774104683195593
Guyana,Number of neonatal deaths,0.0,0.13774104683195593,0.13774104683195593
Guyana,"PM2.5 air pollution, population exposed to levels exceeding WHO guideline value (% of total)",0.0,2.8925619834710745,2.8925619834710745
Guyana,People using at least basic sanitation services (% of population),0.0,1.3774104683195594,1.3774104683195594
Guyana,People using safely managed drinking water services (% of population),0.0,4.545454545454546,4.545454545454546
Guyana,Political Stability and Absence of Violence/Terrorism: Estimate,0.0,1.2396694214876034,1.2396694214876034
Guyana,"Population ages 80 and above, female",0.0,0.0,0.0
Guyana,"Population ages 80 and above, male",0.0,0.0,0.0
Guyana,Population density (people per sq. km of land area),0.0,0.13774104683195593,0.13774104683195593
Guyana,"Population, female",0.0,0.0,0.0
Guyana,"Population, female (% of total population)",0.0,0.0,0.0
Guyana,"Population, male",0.0,0.0,0.0
Guyana,"Population, male (% of total population)",0.0,0.0,0.0
Guyana,"Population, total",0.0,0.0,0.0
Guyana,Poverty gap at $6.85 a day (2017 PPP) (%),0.0,4.2699724517906334,4.2699724517906334
Guyana,Pregnant women receiving prenatal care (%),0.0,3.3057851239669422,3.3057851239669422
Guyana,Prevalence of overweight (% of adults),0.0,0.8264462809917356,0.8264462809917356
Guyana,"Prevalence of overweight, weight for height (% of children under 5)",0.0,3.581267217630854,3.581267217630854
Guyana,Prevalence of undernourishment (% of population),0.0,1.790633608815427,1.790633608815427
Guyana,"Proportion of adults who are obese, 20 years old and over ,by sex",0.0,0.8264462809917356,0.8264462809917356
Guyana,Rural population (% of total population),0.0,0.0,0.0
Guyana,"Unemployment, total (% of total labor force) (modeled ILO estimate)",0.0,0.13774104683195593,0.13774104683195593
Guyana,Urban population,0.0,0.0,0.0
Guyana,Urban population (% of total population),0.0,0.0,0.0
Haiti,"Age-standardized prevalence of current tobacco use among persons aged 15 years and older, by sex",0.0,3.581267217630854,3.581267217630854
Haiti,"Birth rate, crude (per 1,000 people)",0.0,0.13774104683195593,0.13774104683195593
Haiti,CO2 emissions (kg per PPP $ of GDP),0.0,0.27548209366391185,0.27548209366391185
Haiti,Capital health expenditure (% of GDP),0.0,1.6528925619834711,1.6528925619834711
Haiti,"Compulsory education, duration (years)",0.0,0.9641873278236914,0.9641873278236914
Haiti,Control of Corruption: Estimate,0.0,1.2396694214876034,1.2396694214876034
Haiti,"Current health expenditure per capita, PPP (current international $)",0.0,1.6528925619834711,1.6528925619834711
Haiti,"Death rate, crude (per 1,000 people)",0.0,0.13774104683195593,0.13774104683195593
Haiti,Diabetes prevalence (% of population ages 20 to 79),0.0,4.2699724517906334,4.2699724517906334
Haiti,Domestic general government health expenditure (% of GDP),0.0,1.6528925619834711,1.6528925619834711
Haiti,"Domestic general government health expenditure per capita, PPP (current international $)",0.0,1.6528925619834711,1.6528925619834711
Haiti,Domestic private health expenditure (% of current health expenditure),0.0,1.6528925619834711,1.6528925619834711
Haiti,"Fertility rate, total (births per woman)",0.0,0.13774104683195593,0.13774104683195593
Haiti,"GDP, PPP (constant 2017 international $)",0.0,0.0,0.0
Haiti,Gasto público social según la clasificación por funciones del gobierno,0.0,4.545454545454546,4.545454545454546
Haiti,Gini index,0.0,4.40771349862259,4.40771349862259
Haiti,"Government expenditure on education, total (% of GDP)",0.0,3.1680440771349865,3.1680440771349865
Haiti,"Life expectancy at birth, female (years)",0.0,0.13774104683195593,0.13774104683195593
Haiti,"Life expectancy at birth, male (years)",0.0,0.13774104683195593,0.13774104683195593
Haiti,"Life expectancy at birth, total (years)",0.0,0.13774104683195593,0.13774104683195593
Haiti,"Mortality rate, adult, female (per 1,000 female adults)",0.0,0.13774104683195593,0.13774104683195593
Haiti,"Mortality rate, adult, male (per 1,000 male adults)",0.0,0.13774104683195593,0.13774104683195593
Haiti,"Mortality rate, infant (per 1,000 live births)",0.0,0.13774104683195593,0.13774104683195593
Haiti,Number of neonatal deaths,0.0,0.13774104683195593,0.13774104683195593
Haiti,"PM2.5 air pollution, population exposed to levels exceeding WHO guideline value (% of total)",0.0,2.8925619834710745,2.8925619834710745
Haiti,People using at least basic sanitation services (% of population),0.0,1.3774104683195594,1.3774104683195594
Haiti,People using safely managed drinking water services (% of population),0.0,4.545454545454546,4.545454545454546
Haiti,Political Stability and Absence of Violence/Terrorism: Estimate,0.0,1.2396694214876034,1.2396694214876034
Haiti,"Population ages 80 and above, female",0.0,0.0,0.0
Haiti,"Population ages 80 and above, male",0.0,0.0,0.0
Haiti,Population density (people per sq. km of land area),0.0,0.13774104683195593,0.13774104683195593
Haiti,"Population, female",0.0,0.0,0.0
Haiti,"Population, female (% of total population)",0.0,0.0,0.0
Haiti,"Population, male",0.0,0.0,0.0
Haiti,"Population, male (% of total population)",0.0,0.0,0.0
Haiti,"Population, total",0.0,0.0,0.0
Haiti,Poverty gap at $6.85 a day (2017 PPP) (%),0.0,4.40771349862259,4.40771349862259
Haiti,Pregnant women receiving prenatal care (%),0.0,3.8567493112947657,3.8567493112947657
Haiti,Prevalence of overweight (% of adults),0.0,0.8264462809917356,0.8264462809917356
Haiti,"Prevalence of overweight, weight for height (% of children under 5)",0.0,3.8567493112947657,3.8567493112947657
Haiti,Prevalence of undernourishment (% of population),0.0,1.790633608815427,1.790633608815427
Haiti,"Proportion of adults who are obese, 20 years old and over ,by sex",0.0,0.8264462809917356,0.8264462809917356
Haiti,Rural population (% of total population),0.0,0.0,0.0
Haiti,"Unemployment, total (% of total labor force) (modeled ILO estimate)",0.0,0.13774104683195593,0.13774104683195593
Haiti,Urban population,0.0,0.0,0.0
Haiti,Urban population (% of total population),0.0,0.0,0.0
Honduras,"Age-standardized prevalence of current tobacco use among persons aged 15 years and older, by sex",0.0,4.545454545454546,4.545454545454546
Honduras,"Birth rate, crude (per 1,000 people)",0.0,0.13774104683195593,0.13774104683195593
Honduras,CO2 emissions (kg per PPP $ of GDP),0.0,0.27548209366391185,0.27548209366391185
Honduras,Capital health expenditure (% of GDP),0.0,3.3057851239669422,3.3057851239669422
Honduras,"Compulsory education, duration (years)",0.0,1.1019283746556474,1.1019283746556474
Honduras,Control of Corruption: Estimate,0.0,1.2396694214876034,1.2396694214876034
Honduras,"Current health expenditure per capita, PPP (current international $)",0.0,1.5151515151515151,1.5151515151515151
Honduras,"Death rate, crude (per 1,000 people)",0.0,0.13774104683195593,0.13774104683195593
Honduras,Diabetes prevalence (% of population ages 20 to 79),0.0,4.2699724517906334,4.2699724517906334
Honduras,Domestic general government health expenditure (% of GDP),0.0,1.5151515151515151,1.5151515151515151
Honduras,"Domestic general government health expenditure per capita, PPP (current international $)",0.0,1.5151515151515151,1.5151515151515151
Honduras,Domestic private health expenditure (% of current health expenditure),0.0,1.5151515151515151,1.5151515151515151
Honduras,"Fertility rate, total (births per woman)",0.0,0.13774104683195593,0.13774104683195593
Honduras,"GDP, PPP (constant 2017 international $)",0.0,0.0,0.0
Honduras,Gasto público social según la clasificación por funciones del gobierno,0.0,1.5151515151515151,1.5151515151515151
Honduras,Gini index,0.0,0.5509641873278237,0.5509641873278237
Honduras,"Government expenditure on education, total (% of GDP)",0.0,2.7548209366391188,2.7548209366391188
Honduras,"Life expectancy at birth, female (years)",0.0,0.13774104683195593,0.13774104683195593
Honduras,"Life expectancy at birth, male (years)",0.0,0.13774104683195593,0.13774104683195593
Honduras,"Life expectancy at birth, total (years)",0.0,0.13774104683195593,0.13774104683195593
Honduras,"Mortality rate, adult, female (per 1,000 female adults)",0.0,0.13774104683195593,0.13774104683195593
Honduras,"Mortality rate, adult, male (per 1,000 male adults)",0.0,0.13774104683195593,0.13774104683195593
Honduras,"Mortality rate, infant (per 1,000 live births)",0.0,0.13774104683195593,0.13774104683195593
Honduras,Number of neonatal deaths,0.0,0.13774104683195593,0.13774104683195593
Honduras,"PM2.5 air pollution, population exposed to levels exceeding WHO guideline value (% of total)",0.0,2.8925619834710745,2.8925619834710745
Honduras,People using at least basic sanitation services (% of population),0.0,1.3774104683195594,1.3774104683195594
Honduras,People using safely managed drinking water services (% of population),0.0,1.3774104683195594,1.3774104683195594
Honduras,Political Stability and Absence of Violence/Terrorism: Estimate,0.0,1.2396694214876034,1.2396694214876034
Honduras,"Population ages 80 and above, female",0.0,0.0,0.0
Honduras,"Population ages 80 and above, male",0.0,0.0,0.0
Honduras,Population density (people per sq. km of land area),0.0,0.13774104683195593,0.13774104683195593
Honduras,"Population, female",0.0,0.0,0.0
Honduras,"Population, female (% of total population)",0.0,0.0,0.0
Honduras,"Population, male",0.0,0.0,0.0
Honduras,"Population, male (% of total population)",0.0,0.0,0.0
Honduras,"Population, total",0.0,0.0,0.0
Honduras,Poverty gap at $6.85 a day (2017 PPP) (%),0.0,0.5509641873278237,0.5509641873278237
Honduras,Pregnant women receiving prenatal care (%),0.0,3.71900826446281,3.71900826446281
Honduras,Prevalence of overweight (% of adults),0.0,0.8264462809917356,0.8264462809917356
Honduras,"Prevalence of overweight, weight for height (% of children under 5)",0.0,3.71900826446281,3.71900826446281
Honduras,Prevalence of undernourishment (% of population),0.0,1.790633608815427,1.790633608815427
Honduras,"Proportion of adults who are obese, 20 years old and over ,by sex",0.0,0.8264462809917356,0.8264462809917356
Honduras,Rural population (% of total population),0.0,0.0,0.0
Honduras,"Unemployment, total (% of total labor force) (modeled ILO estimate)",0.0,0.13774104683195593,0.13774104683195593
Honduras,Urban population,0.0,0.0,0.0
Honduras,Urban population (% of total population),0.0,0.0,0.0
Jamaica,"Age-standardized prevalence of current tobacco use among persons aged 15 years and older, by sex",0.0,3.581267217630854,3.581267217630854
Jamaica,"Birth rate, crude (per 1,000 people)",0.0,0.13774104683195593,0.13774104683195593
Jamaica,CO2 emissions (kg per PPP $ of GDP),0.0,0.27548209366391185,0.27548209366391185
Jamaica,Capital health expenditure (% of GDP),0.0,1.6528925619834711,1.6528925619834711
Jamaica,"Compulsory education, duration (years)",0.0,1.1019283746556474,1.1019283746556474
Jamaica,Control of Corruption: Estimate,0.0,1.2396694214876034,1.2396694214876034
Jamaica,"Current health expenditure per capita, PPP (current international $)",0.0,1.6528925619834711,1.6528925619834711
Jamaica,"Death rate, crude (per 1,000 people)",0.0,0.13774104683195593,0.13774104683195593
Jamaica,Diabetes prevalence (% of population ages 20 to 79),0.0,4.2699724517906334,4.2699724517906334
Jamaica,Domestic general government health expenditure (% of GDP),0.0,1.6528925619834711,1.6528925619834711
Jamaica,"Domestic general government health expenditure per capita, PPP (current international $)",0.0,1.6528925619834711,1.6528925619834711
Jamaica,Domestic private health expenditure (% of current health expenditure),0.0,1.6528925619834711,1.6528925619834711
Jamaica,"Fertility rate, total (births per woman)",0.0,0.13774104683195593,0.13774104683195593
Jamaica,"GDP, PPP (constant 2017 international $)",0.0,0.0,0.0
Jamaica,Gasto público social según la clasificación por funciones del gobierno,0.0,0.4132231404958678,0.4132231404958678
Jamaica,Gini index,0.0,3.71900826446281,3.71900826446281
Jamaica,"Government expenditure on education, total (% of GDP)",0.0,0.4132231404958678,0.4132231404958678
Jamaica,"Life expectancy at birth, female (years)",0.0,0.13774104683195593,0.13774104683195593
Jamaica,"Life expectancy at birth, male (years)",0.0,0.13774104683195593,0.13774104683195593
Jamaica,"Life expectancy at birth, total (years)",0.0,0.13774104683195593,0.13774104683195593
Jamaica,"Mortality rate, adult, female (per 1,000 female adults)",0.0,0.13774104683195593,0.13774104683195593
Jamaica,"Mortality rate, adult, male (per 1,000 male adults)",0.0,0.13774104683195593,0.13774104683195593
Jamaica,"Mortality rate, infant (per 1,000 live births)",0.0,0.13774104683195593,0.13774104683195593
Jamaica,Number of neonatal deaths,0.0,0.13774104683195593,0.13774104683195593
Jamaica,"PM2.5 air pollution, population exposed to levels exceeding WHO guideline value (% of total)",0.0,2.8925619834710745,2.8925619834710745
Jamaica,People using at least basic sanitation services (% of population),0.0,1.3774104683195594,1.3774104683195594
Jamaica,People using safely managed drinking water services (% of population),0.0,4.545454545454546,4.545454545454546
Jamaica,Political Stability and Absence of Violence/Terrorism: Estimate,0.0,1.2396694214876034,1.2396694214876034
Jamaica,"Population ages 80 and above, female",0.0,0.0,0.0
Jamaica,"Population ages 80 and above, male",0.0,0.0,0.0
Jamaica,Population density (people per sq. km of land area),0.0,0.13774104683195593,0.13774104683195593
Jamaica,"Population, female",0.0,0.0,0.0
Jamaica,"Population, female (% of total population)",0.0,0.0,0.0
Jamaica,"Population, male",0.0,0.0,0.0
Jamaica,"Population, male (% of total population)",0.0,0.0,0.0
Jamaica,"Population, total",0.0,0.0,0.0
Jamaica,Poverty gap at $6.85 a day (2017 PPP) (%),0.0,3.71900826446281,3.71900826446281
Jamaica,Pregnant women receiving prenatal care (%),0.0,3.1680440771349865,3.1680440771349865
Jamaica,Prevalence of overweight (% of adults),0.0,0.8264462809917356,0.8264462809917356
Jamaica,"Prevalence of overweight, weight for height (% of children under 5)",0.0,1.6528925619834711,1.6528925619834711
Jamaica,Prevalence of undernourishment (% of population),0.0,1.790633608815427,1.790633608815427
Jamaica,"Proportion of adults who are obese, 20 years old and over ,by sex",0.0,0.8264462809917356,0.8264462809917356
Jamaica,Rural population (% of total population),0.0,0.0,0.0
Jamaica,"Unemployment, total (% of total labor force) (modeled ILO estimate)",0.0,0.13774104683195593,0.13774104683195593
Jamaica,Urban population,0.0,0.0,0.0
Jamaica,Urban population (% of total population),0.0,0.0,0.0
Mexico,"Age-standardized prevalence of current tobacco use among persons aged 15 years and older, by sex",0.0,3.581267217630854,3.581267217630854
Mexico,"Birth rate, crude (per 1,000 people)",0.0,0.13774104683195593,0.13774104683195593
Mexico,CO2 emissions (kg per PPP $ of GDP),0.0,0.27548209366391185,0.27548209366391185
Mexico,Capital health expenditure (% of GDP),0.0,1.9283746556473829,1.9283746556473829
Mexico,"Compulsory education, duration (years)",0.0,1.1019283746556474,1.1019283746556474
Mexico,Control of Corruption: Estimate,0.0,1.2396694214876034,1.2396694214876034
Mexico,"Current health expenditure per capita, PPP (current international $)",0.0,1.6528925619834711,1.6528925619834711
Mexico,"Death rate, crude (per 1,000 people)",0.0,0.13774104683195593,0.13774104683195593
Mexico,Diabetes prevalence (% of population ages 20 to 79),0.0,4.132231404958678,4.132231404958678
Mexico,Domestic general government health expenditure (% of GDP),0.0,1.6528925619834711,1.6528925619834711
Mexico,"Domestic general government health expenditure per capita, PPP (current international $)",0.0,1.6528925619834711,1.6528925619834711
Mexico,Domestic private health expenditure (% of current health expenditure),0.0,1.6528925619834711,1.6528925619834711
Mexico,"Fertility rate, total (births per woman)",0.0,0.13774104683195593,0.13774104683195593
Mexico,"GDP, PPP (constant 2017 international $)",0.0,0.0,0.0
Mexico,Gasto público social según la clasificación por funciones del gobierno,0.0,4.545454545454546,4.545454545454546
Mexico,Gini index,0.0,2.3415977961432506,2.3415977961432506
Mexico,"Government expenditure on education, total (% of GDP)",0.0,0.8264462809917356,0.8264462809917356
Mexico,"Life expectancy at birth, female (years)",0.0,0.13774104683195593,0.13774104683195593
Mexico,"Life expectancy at birth, male (years)",0.0,0.13774104683195593,0.13774104683195593
Mexico,"Life expectancy at birth, total (years)",0.0,0.13774104683195593,0.13774104683195593
Mexico,"Mortality rate, adult, female (per 1,000 female adults)",0.0,0.13774104683195593,0.13774104683195593
Mexico,"Mortality rate, adult, male (per 1,000 male adults)",0.0,0.13774104683195593,0.13774104683195593
Mexico,"Mortality rate, infant (per 1,000 live births)",0.0,0.13774104683195593,0.13774104683195593
Mexico,Number of neonatal deaths,0.0,0.13774104683195593,0.13774104683195593
Mexico,"PM2.5 air pollution, population exposed to levels exceeding WHO guideline value (% of total)",0.0,2.8925619834710745,2.8925619834710745
Mexico,People using at least basic sanitation services (% of population),0.0,1.3774104683195594,1.3774104683195594
Mexico,People using safely managed drinking water services (% of population),0.0,1.3774104683195594,1.3774104683195594
Mexico,Political Stability and Absence of Violence/Terrorism: Estimate,0.0,1.2396694214876034,1.2396694214876034
Mexico,"Population ages 80 and above, female",0.0,0.0,0.0
Mexico,"Population ages 80 and above, male",0.0,0.0,0.0
Mexico,Population density (people per sq. km of land area),0.0,0.13774104683195593,0.13774104683195593
Mexico,"Population, female",0.0,0.0,0.0
Mexico,"Population, female (% of total population)",0.0,0.0,0.0
Mexico,"Population, male",0.0,0.0,0.0
Mexico,"Population, male (% of total population)",0.0,0.0,0.0
Mexico,"Population, total",0.0,0.0,0.0
Mexico,Poverty gap at $6.85 a day (2017 PPP) (%),0.0,2.3415977961432506,2.3415977961432506
Mexico,Pregnant women receiving prenatal care (%),0.0,3.71900826446281,3.71900826446281
Mexico,Prevalence of overweight (% of adults),0.0,0.8264462809917356,0.8264462809917356
Mexico,"Prevalence of overweight, weight for height (% of children under 5)",0.0,3.1680440771349865,3.1680440771349865
Mexico,Prevalence of undernourishment (% of population),0.0,1.790633608815427,1.790633608815427
Mexico,"Proportion of adults who are obese, 20 years old and over ,by sex",0.0,0.8264462809917356,0.8264462809917356
Mexico,Rural population (% of total population),0.0,0.0,0.0
Mexico,"Unemployment, total (% of total labor force) (modeled ILO estimate)",0.0,0.13774104683195593,0.13774104683195593
Mexico,Urban population,0.0,0.0,0.0
Mexico,Urban population (% of total population),0.0,0.0,0.0
Nicaragua,"Age-standardized prevalence of current tobacco use among persons aged 15 years and older, by sex",0.0,4.545454545454546,4.545454545454546
Nicaragua,"Birth rate, crude (per 1,000 people)",0.0,0.13774104683195593,0.13774104683195593
Nicaragua,CO2 emissions (kg per PPP $ of GDP),0.0,0.27548209366391185,0.27548209366391185
Nicaragua,Capital health expenditure (% of GDP),0.0,1.6528925619834711,1.6528925619834711
Nicaragua,"Compulsory education, duration (years)",0.0,1.1019283746556474,1.1019283746556474
Nicaragua,Control of Corruption: Estimate,0.0,1.2396694214876034,1.2396694214876034
Nicaragua,"Current health expenditure per capita, PPP (current international $)",0.0,1.6528925619834711,1.6528925619834711
Nicaragua,"Death rate, crude (per 1,000 people)",0.0,0.13774104683195593,0.13774104683195593
Nicaragua,Diabetes prevalence (% of population ages 20 to 79),0.0,4.2699724517906334,4.2699724517906334
Nicaragua,Domestic general government health expenditure (% of GDP),0.0,1.6528925619834711,1.6528925619834711
Nicaragua,"Domestic general government health expenditure per capita, PPP (current international $)",0.0,1.6528925619834711,1.6528925619834711
Nicaragua,Domestic private health expenditure (% of current health expenditure),0.0,1.6528925619834711,1.6528925619834711
Nicaragua,"Fertility rate, total (births per woman)",0.0,0.13774104683195593,0.13774104683195593
Nicaragua,"GDP, PPP (constant 2017 international $)",0.0,0.0,0.0
Nicaragua,Gasto público social según la clasificación por funciones del gobierno,0.0,0.5509641873278237,0.5509641873278237
Nicaragua,Gini index,0.0,3.71900826446281,3.71900826446281
Nicaragua,"Government expenditure on education, total (% of GDP)",0.0,2.479338842975207,2.479338842975207
Nicaragua,"Life expectancy at birth, female (years)",0.0,0.13774104683195593,0.13774104683195593
Nicaragua,"Life expectancy at birth, male (years)",0.0,0.13774104683195593,0.13774104683195593
Nicaragua,"Life expectancy at birth, total (years)",0.0,0.13774104683195593,0.13774104683195593
Nicaragua,"Mortality rate, adult, female (per 1,000 female adults)",0.0,0.13774104683195593,0.13774104683195593
Nicaragua,"Mortality rate, adult, male (per 1,000 male adults)",0.0,0.13774104683195593,0.13774104683195593
Nicaragua,"Mortality rate, infant (per 1,000 live births)",0.0,0.13774104683195593,0.13774104683195593
Nicaragua,Number of neonatal deaths,0.0,0.13774104683195593,0.13774104683195593
Nicaragua,"PM2.5 air pollution, population exposed to levels exceeding WHO guideline value (% of total)",0.0,2.8925619834710745,2.8925619834710745
Nicaragua,People using at least basic sanitation services (% of population),0.0,1.6528925619834711,1.6528925619834711
Nicaragua,People using safely managed drinking water services (% of population),0.0,1.6528925619834711,1.6528925619834711
Nicaragua,Political Stability and Absence of Violence/Terrorism: Estimate,0.0,1.2396694214876034,1.2396694214876034
Nicaragua,"Population ages 80 and above, female",0.0,0.0,0.0
Nicaragua,"Population ages 80 and above, male",0.0,0.0,0.0
Nicaragua,Population density (people per sq. km of land area),0.0,0.13774104683195593,0.13774104683195593
Nicaragua,"Population, female",0.0,0.0,0.0
Nicaragua,"Population, female (% of total population)",0.0,0.0,0.0
Nicaragua,"Population, male",0.0,0.0,0.0
Nicaragua,"Population, male (% of total population)",0.0,0.0,0.0
Nicaragua,"Population, total",0.0,0.0,0.0
Nicaragua,Poverty gap at $6.85 a day (2017 PPP) (%),0.0,3.71900826446281,3.71900826446281
Nicaragua,Pregnant women receiving prenatal care (%),0.0,3.8567493112947657,3.8567493112947657
Nicaragua,Prevalence of overweight (% of adults),0.0,0.8264462809917356,0.8264462809917356
Nicaragua,"Prevalence of overweight, weight for height (% of children under 5)",0.0,3.71900826446281,3.71900826446281
Nicaragua,Prevalence of undernourishment (% of population),0.0,1.790633608815427,1.790633608815427
Nicaragua,"Proportion of adults who are obese, 20 years old and over ,by sex",0.0,0.8264462809917356,0.8264462809917356
Nicaragua,Rural population (% of total population),0.0,0.0,0.0
Nicaragua,"Unemployment, total (% of total labor force) (modeled ILO estimate)",0.0,0.13774104683195593,0.13774104683195593
Nicaragua,Urban population,0.0,0.0,0.0
Nicaragua,Urban population (% of total population),0.0,0.0,0.0
Panama,"Age-standardized prevalence of current tobacco use among persons aged 15 years and older, by sex",0.0,3.581267217630854,3.581267217630854
Panama,"Birth rate, crude (per 1,000 people)",0.0,0.13774104683195593,0.13774104683195593
Panama,CO2 emissions (kg per PPP $ of GDP),0.0,0.27548209366391185,0.27548209366391185
Panama,Capital health expenditure (% of GDP),0.0,1.6528925619834711,1.6528925619834711
Panama,"Compulsory education, duration (years)",0.0,1.1019283746556474,1.1019283746556474
Panama,Control of Corruption: Estimate,0.0,1.2396694214876034,1.2396694214876034
Panama,"Current health expenditure per capita, PPP (current international $)",0.0,1.6528925619834711,1.6528925619834711
Panama,"Death rate, crude (per 1,000 people)",0.0,0.13774104683195593,0.13774104683195593
Panama,Diabetes prevalence (% of population ages 20 to 79),0.0,4.2699724517906334,4.2699724517906334
Panama,Domestic general government health expenditure (% of GDP),0.0,1.6528925619834711,1.6528925619834711
Panama,"Domestic general government health expenditure per capita, PPP (current international $)",0.0,1.6528925619834711,1.6528925619834711
Panama,Domestic private health expenditure (% of current health expenditure),0.0,1.6528925619834711,1.6528925619834711
Panama,"Fertility rate, total (births per woman)",0.0,0.13774104683195593,0.13774104683195593
Panama,"GDP, PPP (constant 2017 international $)",0.0,0.0,0.0
Panama,Gasto público social según la clasificación por funciones del gobierno,0.0,4.545454545454546,4.545454545454546
Panama,Gini index,0.0,0.9641873278236914,0.9641873278236914
Panama,"Government expenditure on education, total (% of GDP)",0.0,1.6528925619834711,1.6528925619834711
Panama,"Life expectancy at birth, female (years)",0.0,0.13774104683195593,0.13774104683195593
Panama,"Life expectancy at birth, male (years)",0.0,0.13774104683195593,0.13774104683195593
Panama,"Life expectancy at birth, total (years)",0.0,0.13774104683195593,0.13774104683195593
Panama,"Mortality rate, adult, female (per 1,000 female adults)",0.0,0.13774104683195593,0.13774104683195593
Panama,"Mortality rate, adult, male (per 1,000 male adults)",0.0,0.13774104683195593,0.13774104683195593
Panama,"Mortality rate, infant (per 1,000 live births)",0.0,0.13774104683195593,0.13774104683195593
Panama,Number of neonatal deaths,0.0,0.13774104683195593,0.13774104683195593
Panama,"PM2.5 air pollution, population exposed to levels exceeding WHO guideline value (% of total)",0.0,2.8925619834710745,2.8925619834710745
Panama,People using at least basic sanitation services (% of population),0.0,1.3774104683195594,1.3774104683195594
Panama,People using safely managed drinking water services (% of population),0.0,4.545454545454546,4.545454545454546
Panama,Political Stability and Absence of Violence/Terrorism: Estimate,0.0,1.2396694214876034,1.2396694214876034
Panama,"Population ages 80 and above, female",0.0,0.0,0.0
Panama,"Population ages 80 and above, male",0.0,0.0,0.0
Panama,Population density (people per sq. km of land area),0.0,0.13774104683195593,0.13774104683195593
Panama,"Population, female",0.0,0.0,0.0
Panama,"Population, female (% of total population)",0.0,0.0,0.0
Panama,"Population, male",0.0,0.0,0.0
Panama,"Population, male (% of total population)",0.0,0.0,0.0
Panama,"Population, total",0.0,0.0,0.0
Panama,Poverty gap at $6.85 a day (2017 PPP) (%),0.0,0.9641873278236914,0.9641873278236914
Panama,Pregnant women receiving prenatal care (%),0.0,3.994490358126722,3.994490358126722
Panama,Prevalence of overweight (% of adults),0.0,0.8264462809917356,0.8264462809917356
Panama,"Prevalence of overweight, weight for height (% of children under 5)",0.0,3.994490358126722,3.994490358126722
Panama,Prevalence of undernourishment (% of population),0.0,1.790633608815427,1.790633608815427
Panama,"Proportion of adults who are obese, 20 years old and over ,by sex",0.0,0.8264462809917356,0.8264462809917356
Panama,Rural population (% of total population),0.0,0.0,0.0
Panama,"Unemployment, total (% of total labor force) (modeled ILO estimate)",0.0,0.13774104683195593,0.13774104683195593
Panama,Urban population,0.0,0.0,0.0
Panama,Urban population (% of total population),0.0,0.0,0.0
Paraguay,"Age-standardized prevalence of current tobacco use among persons aged 15 years and older, by sex",0.0,3.581267217630854,3.581267217630854
Paraguay,"Birth rate, crude (per 1,000 people)",0.0,0.13774104683195593,0.13774104683195593
Paraguay,CO2 emissions (kg per PPP $ of GDP),0.0,0.27548209366391185,0.27548209366391185
Paraguay,Capital health expenditure (% of GDP),0.0,1.6528925619834711,1.6528925619834711
Paraguay,"Compulsory education, duration (years)",0.0,1.1019283746556474,1.1019283746556474
Paraguay,Control of Corruption: Estimate,0.0,1.2396694214876034,1.2396694214876034
Paraguay,"Current health expenditure per capita, PPP (current international $)",0.0,1.6528925619834711,1.6528925619834711
Paraguay,"Death rate, crude (per 1,000 people)",0.0,0.13774104683195593,0.13774104683195593
Paraguay,Diabetes prevalence (% of population ages 20 to 79),0.0,4.2699724517906334,4.2699724517906334
Paraguay,Domestic general government health expenditure (% of GDP),0.0,1.6528925619834711,1.6528925619834711
Paraguay,"Domestic general government health expenditure per capita, PPP (current international $)",0.0,1.6528925619834711,1.6528925619834711
Paraguay,Domestic private health expenditure (% of current health expenditure),0.0,1.6528925619834711,1.6528925619834711
Paraguay,"Fertility rate, total (births per woman)",0.0,0.13774104683195593,0.13774104683195593
Paraguay,"GDP, PPP (constant 2017 international $)",0.0,0.0,0.0
Paraguay,Gasto público social según la clasificación por funciones del gobierno,0.0,0.9641873278236914,0.9641873278236914
Paraguay,Gini index,0.0,0.9641873278236914,0.9641873278236914
Paraguay,"Government expenditure on education, total (% of GDP)",0.0,1.5151515151515151,1.5151515151515151
Paraguay,"Life expectancy at birth, female (years)",0.0,0.13774104683195593,0.13774104683195593
Paraguay,"Life expectancy at birth, male (years)",0.0,0.13774104683195593,0.13774104683195593
Paraguay,"Life expectancy at birth, total (years)",0.0,0.13774104683195593,0.13774104683195593
Paraguay,"Mortality rate, adult, female (per 1,000 female adults)",0.0,0.13774104683195593,0.13774104683195593
Paraguay,"Mortality rate, adult, male (per 1,000 male adults)",0.0,0.13774104683195593,0.13774104683195593
Paraguay,"Mortality rate, infant (per 1,000 live births)",0.0,0.13774104683195593,0.13774104683195593
Paraguay,Number of neonatal deaths,0.0,0.13774104683195593,0.13774104683195593
Paraguay,"PM2.5 air pollution, population exposed to levels exceeding WHO guideline value (% of total)",0.0,2.8925619834710745,2.8925619834710745
Paraguay,People using at least basic sanitation services (% of population),0.0,1.3774104683195594,1.3774104683195594
Paraguay,People using safely managed drinking water services (% of population),0.0,1.3774104683195594,1.3774104683195594
Paraguay,Political Stability and Absence of Violence/Terrorism: Estimate,0.0,1.2396694214876034,1.2396694214876034
Paraguay,"Population ages 80 and above, female",0.0,0.0,0.0
Paraguay,"Population ages 80 and above, male",0.0,0.0,0.0
Paraguay,Population density (people per sq. km of land area),0.0,0.13774104683195593,0.13774104683195593
Paraguay,"Population, female",0.0,0.0,0.0
Paraguay,"Population, female (% of total population)",0.0,0.0,0.0
Paraguay,"Population, male",0.0,0.0,0.0
Paraguay,"Population, male (% of total population)",0.0,0.0,0.0
Paraguay,"Population, total",0.0,0.0,0.0
Paraguay,Poverty gap at $6.85 a day (2017 PPP) (%),0.0,0.9641873278236914,0.9641873278236914
Paraguay,Pregnant women receiving prenatal care (%),0.0,3.71900826446281,3.71900826446281
Paraguay,Prevalence of overweight (% of adults),0.0,0.8264462809917356,0.8264462809917356
Paraguay,"Prevalence of overweight, weight for height (% of children under 5)",0.0,3.8567493112947657,3.8567493112947657
Paraguay,Prevalence of undernourishment (% of population),0.0,1.790633608815427,1.790633608815427
Paraguay,"Proportion of adults who are obese, 20 years old and over ,by sex",0.0,0.8264462809917356,0.8264462809917356
Paraguay,Rural population (% of total population),0.0,0.0,0.0
Paraguay,"Unemployment, total (% of total labor force) (modeled ILO estimate)",0.0,0.13774104683195593,0.13774104683195593
Paraguay,Urban population,0.0,0.0,0.0
Paraguay,Urban population (% of total population),0.0,0.0,0.0
Peru,"Age-standardized prevalence of current tobacco use among persons aged 15 years and older, by sex",0.0,3.581267217630854,3.581267217630854
Peru,"Birth rate, crude (per 1,000 people)",0.0,0.13774104683195593,0.13774104683195593
Peru,CO2 emissions (kg per PPP $ of GDP),0.0,0.27548209366391185,0.27548209366391185
Peru,Capital health expenditure (% of GDP),0.0,1.6528925619834711,1.6528925619834711
Peru,"Compulsory education, duration (years)",0.0,1.1019283746556474,1.1019283746556474
Peru,Control of Corruption: Estimate,0.0,1.2396694214876034,1.2396694214876034
Peru,"Current health expenditure per capita, PPP (current international $)",0.0,1.6528925619834711,1.6528925619834711
Peru,"Death rate, crude (per 1,000 people)",0.0,0.13774104683195593,0.13774104683195593
Peru,Diabetes prevalence (% of population ages 20 to 79),0.0,4.2699724517906334,4.2699724517906334
Peru,Domestic general government health expenditure (% of GDP),0.0,1.6528925619834711,1.6528925619834711
Peru,"Domestic general government health expenditure per capita, PPP (current international $)",0.0,1.6528925619834711,1.6528925619834711
Peru,Domestic private health expenditure (% of current health expenditure),0.0,1.6528925619834711,1.6528925619834711
Peru,"Fertility rate, total (births per woman)",0.0,0.13774104683195593,0.13774104683195593
Peru,"GDP, PPP (constant 2017 international $)",0.0,0.0,0.0
Peru,Gasto público social según la clasificación por funciones del gobierno,0.0,4.545454545454546,4.545454545454546
Peru,Gini index,0.0,1.1019283746556474,1.1019283746556474
Peru,"Government expenditure on education, total (% of GDP)",0.0,0.9641873278236914,0.9641873278236914
Peru,"Life expectancy at birth, female (years)",0.0,0.13774104683195593,0.13774104683195593
Peru,"Life expectancy at birth, male (years)",0.0,0.13774104683195593,0.13774104683195593
Peru,"Life expectancy at birth, total (years)",0.0,0.13774104683195593,0.13774104683195593
Peru,"Mortality rate, adult, female (per 1,000 female adults)",0.0,0.13774104683195593,0.13774104683195593
Peru,"Mortality rate, adult, male (per 1,000 male adults)",0.0,0.13774104683195593,0.13774104683195593
Peru,"Mortality rate, infant (per 1,000 live births)",0.0,0.13774104683195593,0.13774104683195593
Peru,Number of neonatal deaths,0.0,0.13774104683195593,0.13774104683195593
Peru,"PM2.5 air pollution, population exposed to levels exceeding WHO guideline value (% of total)",0.0,2.8925619834710745,2.8925619834710745
Peru,People using at least basic sanitation services (% of population),0.0,1.3774104683195594,1.3774104683195594
Peru,People using safely managed drinking water services (% of population),0.0,1.3774104683195594,1.3774104683195594
Peru,Political Stability and Absence of Violence/Terrorism: Estimate,0.0,1.2396694214876034,1.2396694214876034
Peru,"Population ages 80 and above, female",0.0,0.0,0.0
Peru,"Population ages 80 and above, male",0.0,0.0,0.0
Peru,Population density (people per sq. km of land area),0.0,0.13774104683195593,0.13774104683195593
Peru,"Population, female",0.0,0.0,0.0
Peru,"Population, female (% of total population)",0.0,0.0,0.0
Peru,"Population, male",0.0,0.0,0.0
Peru,"Population, male (% of total population)",0.0,0.0,0.0
Peru,"Population, total",0.0,0.0,0.0
Peru,Poverty gap at $6.85 a day (2017 PPP) (%),0.0,1.1019283746556474,1.1019283746556474
Peru,Pregnant women receiving prenatal care (%),0.0,2.066115702479339,2.066115702479339
Peru,Prevalence of overweight (% of adults),0.0,0.8264462809917356,0.8264462809917356
Peru,"Prevalence of overweight, weight for height (% of children under 5)",0.0,2.066115702479339,2.066115702479339
Peru,Prevalence of undernourishment (% of population),0.0,1.790633608815427,1.790633608815427
Peru,"Proportion of adults who are obese, 20 years old and over ,by sex",0.0,0.8264462809917356,0.8264462809917356
Peru,Rural population (% of total population),0.0,0.0,0.0
Peru,"Unemployment, total (% of total labor force) (modeled ILO estimate)",0.0,0.13774104683195593,0.13774104683195593
Peru,Urban population,0.0,0.0,0.0
Peru,Urban population (% of total population),0.0,0.0,0.0
Trinidad and Tobago,"Age-standardized prevalence of current tobacco use among persons aged 15 years and older, by sex",0.0,4.545454545454546,4.545454545454546
Trinidad and Tobago,"Birth rate, crude (per 1,000 people)",0.0,0.13774104683195593,0.13774104683195593
Trinidad and Tobago,CO2 emissions (kg per PPP $ of GDP),0.0,0.27548209366391185,0.27548209366391185
Trinidad and Tobago,Capital health expenditure (% of GDP),0.0,1.6528925619834711,1.6528925619834711
Trinidad and Tobago,"Compulsory education, duration (years)",0.0,1.1019283746556474,1.1019283746556474
Trinidad and Tobago,Control of Corruption: Estimate,0.0,1.2396694214876034,1.2396694214876034
Trinidad and Tobago,"Current health expenditure per capita, PPP (current international $)",0.0,1.6528925619834711,1.6528925619834711
Trinidad and Tobago,"Death rate, crude (per 1,000 people)",0.0,0.13774104683195593,0.13774104683195593
Trinidad and Tobago,Diabetes prevalence (% of population ages 20 to 79),0.0,4.132231404958678,4.132231404958678
Trinidad and Tobago,Domestic general government health expenditure (% of GDP),0.0,1.6528925619834711,1.6528925619834711
Trinidad and Tobago,"Domestic general government health expenditure per capita, PPP (current international $)",0.0,1.6528925619834711,1.6528925619834711
Trinidad and Tobago,Domestic private health expenditure (% of current health expenditure),0.0,1.6528925619834711,1.6528925619834711
Trinidad and Tobago,"Fertility rate, total (births per woman)",0.0,0.13774104683195593,0.13774104683195593
Trinidad and Tobago,"GDP, PPP (constant 2017 international $)",0.0,0.0,0.0
Trinidad and Tobago,Gasto público social según la clasificación por funciones del gobierno,0.0,4.545454545454546,4.545454545454546
Trinidad and Tobago,Gini index,0.0,4.40771349862259,4.40771349862259
Trinidad and Tobago,"Government expenditure on education, total (% of GDP)",0.0,1.5151515151515151,1.5151515151515151
Trinidad and Tobago,"Life expectancy at birth, female (years)",0.0,0.13774104683195593,0.13774104683195593
Trinidad and Tobago,"Life expectancy at birth, male (years)",0.0,0.13774104683195593,0.13774104683195593
Trinidad and Tobago,"Life expectancy at birth, total (years)",0.0,0.13774104683195593,0.13774104683195593
Trinidad and Tobago,"Mortality rate, adult, female (per 1,000 female adults)",0.0,0.13774104683195593,0.13774104683195593
Trinidad and Tobago,"Mortality rate, adult, male (per 1,000 male adults)",0.0,0.13774104683195593,0.13774104683195593
Trinidad and Tobago,"Mortality rate, infant (per 1,000 live births)",0.0,0.13774104683195593,0.13774104683195593
Trinidad and Tobago,Number of neonatal deaths,0.0,0.13774104683195593,0.13774104683195593
Trinidad and Tobago,"PM2.5 air pollution, population exposed to levels exceeding WHO guideline value (% of total)",0.0,2.8925619834710745,2.8925619834710745
Trinidad and Tobago,People using at least basic sanitation services (% of population),0.0,1.3774104683195594,1.3774104683195594
Trinidad and Tobago,People using safely managed drinking water services (% of population),0.0,4.545454545454546,4.545454545454546
Trinidad and Tobago,Political Stability and Absence of Violence/Terrorism: Estimate,0.0,1.2396694214876034,1.2396694214876034
Trinidad and Tobago,"Population ages 80 and above, female",0.0,0.0,0.0
Trinidad and Tobago,"Population ages 80 and above, male",0.0,0.0,0.0
Trinidad and Tobago,Population density (people per sq. km of land area),0.0,0.13774104683195593,0.13774104683195593
Trinidad and Tobago,"Population, female",0.0,0.0,0.0
Trinidad and Tobago,"Population, female (% of total population)",0.0,0.0,0.0
Trinidad and Tobago,"Population, male",0.0,0.0,0.0
Trinidad and Tobago,"Population, male (% of total population)",0.0,0.0,0.0
Trinidad and Tobago,"Population, total",0.0,0.0,0.0
Trinidad and Tobago,Poverty gap at $6.85 a day (2017 PPP) (%),0.0,4.40771349862259,4.40771349862259
Trinidad and Tobago,Pregnant women receiving prenatal care (%),0.0,3.994490358126722,3.994490358126722
Trinidad and Tobago,Prevalence of overweight (% of adults),0.0,0.8264462809917356,0.8264462809917356
Trinidad and Tobago,"Prevalence of overweight, weight for height (% of children under 5)",0.0,4.2699724517906334,4.2699724517906334
Trinidad and Tobago,Prevalence of undernourishment (% of population),0.0,1.790633608815427,1.790633608815427
Trinidad and Tobago,"Proportion of adults who are obese, 20 years old and over ,by sex",0.0,0.8264462809917356,0.8264462809917356
Trinidad and Tobago,Rural population (% of total population),0.0,0.0,0.0
Trinidad and Tobago,"Unemployment, total (% of total labor force) (modeled ILO estimate)",0.0,0.13774104683195593,0.13774104683195593
Trinidad and Tobago,Urban population,0.0,0.0,0.0
Trinidad and Tobago,Urban population (% of total population),0.0,0.0,0.0
Uruguay,"Age-standardized prevalence of current tobacco use among persons aged 15 years and older, by sex",0.0,3.581267217630854,3.581267217630854
Uruguay,"Birth rate, crude (per 1,000 people)",0.0,0.13774104683195593,0.13774104683195593
Uruguay,CO2 emissions (kg per PPP $ of GDP),0.0,0.27548209366391185,0.27548209366391185
Uruguay,Capital health expenditure (% of GDP),0.0,2.3415977961432506,2.3415977961432506
Uruguay,"Compulsory education, duration (years)",0.0,1.1019283746556474,1.1019283746556474
Uruguay,Control of Corruption: Estimate,0.0,1.2396694214876034,1.2396694214876034
Uruguay,"Current health expenditure per capita, PPP (current international $)",0.0,1.6528925619834711,1.6528925619834711
Uruguay,"Death rate, crude (per 1,000 people)",0.0,0.13774104683195593,0.13774104683195593
Uruguay,Diabetes prevalence (% of population ages 20 to 79),0.0,4.2699724517906334,4.2699724517906334
Uruguay,Domestic general government health expenditure (% of GDP),0.0,1.6528925619834711,1.6528925619834711
Uruguay,"Domestic general government health expenditure per capita, PPP (current international $)",0.0,1.6528925619834711,1.6528925619834711
Uruguay,Domestic private health expenditure (% of current health expenditure),0.0,1.6528925619834711,1.6528925619834711
Uruguay,"Fertility rate, total (births per woman)",0.0,0.13774104683195593,0.13774104683195593
Uruguay,"GDP, PPP (constant 2017 international $)",0.0,0.0,0.0
Uruguay,Gasto público social según la clasificación por funciones del gobierno,0.0,0.13774104683195593,0.13774104683195593
Uruguay,Gini index,0.0,2.3415977961432506,2.3415977961432506
Uruguay,"Government expenditure on education, total (% of GDP)",0.0,1.1019283746556474,1.1019283746556474
Uruguay,"Life expectancy at birth, female (years)",0.0,0.13774104683195593,0.13774104683195593
Uruguay,"Life expectancy at birth, male (years)",0.0,0.13774104683195593,0.13774104683195593
Uruguay,"Life expectancy at birth, total (years)",0.0,0.13774104683195593,0.13774104683195593
Uruguay,"Mortality rate, adult, female (per 1,000 female adults)",0.0,0.13774104683195593,0.13774104683195593
Uruguay,"Mortality rate, adult, male (per 1,000 male adults)",0.0,0.13774104683195593,0.13774104683195593
Uruguay,"Mortality rate, infant (per 1,000 live births)",0.0,0.13774104683195593,0.13774104683195593
Uruguay,Number of neonatal deaths,0.0,0.13774104683195593,0.13774104683195593
Uruguay,"PM2.5 air pollution, population exposed to levels exceeding WHO guideline value (% of total)",0.0,2.8925619834710745,2.8925619834710745
Uruguay,People using at least basic sanitation services (% of population),0.0,1.3774104683195594,1.3774104683195594
Uruguay,People using safely managed drinking water services (% of population),0.0,4.545454545454546,4.545454545454546
Uruguay,Political Stability and Absence of Violence/Terrorism: Estimate,0.0,1.2396694214876034,1.2396694214876034
Uruguay,"Population ages 80 and above, female",0.0,0.0,0.0
Uruguay,"Population ages 80 and above, male",0.0,0.0,0.0
Uruguay,Population density (people per sq. km of land area),0.0,0.13774104683195593,0.13774104683195593
Uruguay,"Population, female",0.0,0.0,0.0
Uruguay,"Population, female (% of total population)",0.0,0.0,0.0
Uruguay,"Population, male",0.0,0.0,0.0
Uruguay,"Population, male (% of total population)",0.0,0.0,0.0
Uruguay,"Population, total",0.0,0.0,0.0
Uruguay,Poverty gap at $6.85 a day (2017 PPP) (%),0.0,2.3415977961432506,2.3415977961432506
Uruguay,Pregnant women receiving prenatal care (%),0.0,3.994490358126722,3.994490358126722
Uruguay,Prevalence of overweight (% of adults),0.0,0.8264462809917356,0.8264462809917356
Uruguay,"Prevalence of overweight, weight for height (% of children under 5)",0.0,3.3057851239669422,3.3057851239669422
Uruguay,Prevalence of undernourishment (% of population),0.0,1.790633608815427,1.790633608815427
Uruguay,"Proportion of adults who are obese, 20 years old and over ,by sex",0.0,0.8264462809917356,0.8264462809917356
Uruguay,Rural population (% of total population),0.0,0.0,0.0
Uruguay,"Unemployment, total (% of total labor force) (modeled ILO estimate)",0.0,0.13774104683195593,0.13774104683195593
Uruguay,Urban population,0.0,0.0,0.0
Uruguay,Urban population (% of total population),0.0,0.0,0.0
