Pais,Anio,Gasto público social según la clasificación por funciones del gobierno (en moneda nacional a precios corrientes),Prevalence of raised blood glucose/diabetes in adults (%),Proportion of adults who are obese
Argentina,1990,7055.0,,
Argentina,1991,18537.0,,
Argentina,1993,21534.0,,
Argentina,1992,21688.0,,
Argentina,1994,25661.0,,
Argentina,1995,25751.0,,
Argentina,2001,26756.0,,
Argentina,2002,26838.0,,
Argentina,1996,27671.0,,
Argentina,1997,27972.0,,
Argentina,1999,28069.0,,
Argentina,1998,28090.0,,
Argentina,2000,28557.0,,
Argentina,2003,30879.0,,
Argentina,2004,37568.0,,
Argentina,2005,46402.0,,
Argentina,2006,60060.0,,
Argentina,2007,80690.0,,
Argentina,2008,104933.0,,
Argentina,2009,140267.0,,
Argentina,2010,183913.0,,
Argentina,2011,246061.0,,
Argentina,2012,320235.0,,
Argentina,2013,435876.0,,
Argentina,2014,596395.0,,
Argentina,2015,837752.0,,
Argentina,2016,1166899.0,,
Argentina,2017,1558205.0,,
Argentina,2018,1972156.0,,
Argentina,2019,2783691.0,,
Argentina,2020,4652420.0,,
Argentina,2021,6816560.0,,
Bahamas,1991,213.0,,
Bahamas,1990,219.0,,
Bahamas,1993,240.0,,
Bahamas,1992,241.0,,
Bahamas,1994,246.0,,
Bahamas,1995,257.0,,
Bahamas,1996,277.0,,
Bahamas,1997,317.0,,
Bahamas,1998,347.0,,
Bahamas,1999,365.0,,
Bahamas,2000,387.0,,
Bahamas,2001,410.0,,
Bahamas,2002,421.0,,
Bahamas,2003,433.0,,
Bahamas,2004,456.0,,
Bahamas,2005,493.0,,
Bahamas,2006,515.0,,
Bahamas,2007,648.0,,
Bahamas,2011,672.0,,
Bahamas,2010,683.0,,
Bahamas,2008,690.0,,
Bahamas,2012,699.0,,
Bahamas,2009,700.0,,
Bahamas,2014,711.0,,
Bahamas,2013,713.0,,
Bahamas,2015,765.0,,
Bahamas,2016,824.0,,
Bahamas,2018,893.0,,
Bahamas,2019,969.0,,
Bahamas,2017,1026.0,,
Bahamas,2020,1152.0,,
Bahamas,2021,1484.0,,
Barbados,2006,1192.0,,
Barbados,2011,1330.0,,
Barbados,2007,1378.0,,
Barbados,2019,1423.0,,
Barbados,2008,1430.0,,
Barbados,2010,1434.0,,
Barbados,2009,1449.0,,
Barbados,2012,1472.0,,
Barbados,2014,1496.0,,
Barbados,2016,1513.0,,
Barbados,2013,1546.0,,
Barbados,2017,1555.0,,
Barbados,2018,1608.0,,
Barbados,2015,1635.0,,
Barbados,2020,1668.0,,
Barbados,2021,1740.0,,
Bolivia (Estado Plurinacional de),1990,790.0,,
Bolivia (Estado Plurinacional de),1991,1060.0,,
Bolivia (Estado Plurinacional de),1992,1430.0,,
Bolivia (Estado Plurinacional de),1993,1831.0,,
Bolivia (Estado Plurinacional de),1994,2109.0,,
Bolivia (Estado Plurinacional de),1995,2261.0,,
Bolivia (Estado Plurinacional de),1996,2860.0,,
Bolivia (Estado Plurinacional de),1997,4155.0,,
Bolivia (Estado Plurinacional de),1998,4847.0,,
Bolivia (Estado Plurinacional de),1999,5195.0,,
Bolivia (Estado Plurinacional de),2000,5979.0,,
Bolivia (Estado Plurinacional de),2001,6646.0,,
Bolivia (Estado Plurinacional de),2002,7565.0,,
Bolivia (Estado Plurinacional de),2003,8215.0,,
Bolivia (Estado Plurinacional de),2004,8958.0,,
Bolivia (Estado Plurinacional de),2005,9547.0,,
Bolivia (Estado Plurinacional de),2006,10868.0,,
Bolivia (Estado Plurinacional de),2007,12018.0,,
Bolivia (Estado Plurinacional de),2008,13925.0,,
Bolivia (Estado Plurinacional de),2009,15771.0,,
Bolivia (Estado Plurinacional de),2010,17027.0,,
Bolivia (Estado Plurinacional de),2011,18636.0,,
Bolivia (Estado Plurinacional de),2012,20599.0,,
Bolivia (Estado Plurinacional de),2013,23022.0,,
Bolivia (Estado Plurinacional de),2014,26351.0,,
Bolivia (Estado Plurinacional de),2015,28595.0,,
Bolivia (Estado Plurinacional de),2016,29583.0,,
Bolivia (Estado Plurinacional de),2017,30124.0,,
Bolivia (Estado Plurinacional de),2018,33515.0,,
Bolivia (Estado Plurinacional de),2019,34988.0,,
Bolivia (Estado Plurinacional de),2020,42181.0,,
Brasil,1990,1.0,,
Brasil,1991,6.0,,
Brasil,1992,72.0,,
Brasil,1993,1902.0,,
Brasil,1994,47844.0,,
Brasil,1995,82363.0,,
Brasil,1996,95471.0,,
Brasil,1997,106027.0,,
Brasil,1998,120864.0,,
Brasil,1999,132472.0,,
Brasil,2000,149906.0,,
Brasil,2001,171621.0,,
Brasil,2002,194641.0,,
Brasil,2003,224123.0,,
Brasil,2004,261605.0,,
Brasil,2005,300615.0,,
Brasil,2006,342746.0,,
Brasil,2007,388876.0,,
Brasil,2008,435132.0,,
Brasil,2009,507657.0,,
Brasil,2010,578207.0,,
Brasil,2011,650673.0,,
Brasil,2012,735655.0,,
Brasil,2013,815884.0,,
Brasil,2014,916626.0,,
Brasil,2015,969492.0,,
Brasil,2016,1081536.0,,
Brasil,2017,1150812.0,,
Brasil,2018,1208208.0,,
Brasil,2019,1280504.0,,
Brasil,2021,1497741.0,,
Brasil,2020,1679355.0,,
Chile,1990,1218833.0,,
Chile,1991,1627057.0,,
Chile,1992,2049321.0,,
Chile,1993,2512351.0,,
Chile,1994,2974163.0,,
Chile,1995,3424702.0,,
Chile,1996,4033353.0,,
Chile,1997,4461788.0,,
Chile,1998,5016540.0,,
Chile,1999,5598023.0,,
Chile,2000,6095207.0,,
Chile,2001,6626438.0,,
Chile,2002,7045538.0,,
Chile,2003,7383526.0,,
Chile,2004,7875068.0,,
Chile,2005,8538375.0,,
Chile,2006,9412043.0,,
Chile,2007,10676424.0,,
Chile,2008,12717005.0,,
Chile,2009,15188140.0,,
Chile,2010,16553387.0,,
Chile,2011,17402617.0,,
Chile,2012,19027241.0,,
Chile,2013,20248200.0,,
Chile,2014,22316013.0,,
Chile,2015,25272821.0,,
Chile,2016,27313799.0,,
Chile,2017,29604610.0,,
Chile,2018,31451405.0,,
Chile,2019,33982229.0,,
Chile,2020,40505339.0,,
Chile,2021,59815930.0,,
Colombia,1990,796720.0,,
Colombia,1991,1044100.0,,
Colombia,1992,1662710.0,,
Colombia,1993,2152920.0,,
Colombia,1994,4078000.0,,
Colombia,1995,5248000.0,,
Colombia,1996,7644000.0,,
Colombia,1997,9403000.0,,
Colombia,1998,11121000.0,,
Colombia,1999,14029000.0,,
Colombia,2000,17266592.0,,
Colombia,2001,20566917.0,,
Colombia,2002,24128049.0,,
Colombia,2003,25716392.0,,
Colombia,2004,31380196.0,,
Colombia,2005,36547945.0,,
Colombia,2006,40838965.0,,
Colombia,2007,48792837.0,,
Colombia,2008,53913786.0,,
Colombia,2010,66315714.0,,
Colombia,2009,66561681.0,,
Colombia,2011,76079362.0,,
Colombia,2012,82310326.0,,
Colombia,2013,91362293.0,,
Colombia,2014,98194714.0,,
Colombia,2015,104435905.0,,
Colombia,2016,108261750.0,,
Colombia,2017,123184109.0,,
Colombia,2018,123596878.0,,
Colombia,2019,132177818.0,,
Colombia,2020,155134454.0,,
Colombia,2021,176115997.0,,
Costa Rica,1993,102038.0,,
Costa Rica,1994,120003.0,,
Costa Rica,1995,147214.0,,
Costa Rica,1996,185211.0,,
Costa Rica,1997,208986.0,,
Costa Rica,1998,270776.0,,
Costa Rica,1999,348790.0,,
Costa Rica,2000,415645.0,,
Costa Rica,2001,448146.0,,
Costa Rica,2002,516731.0,,
Costa Rica,2003,605100.0,,
Costa Rica,2004,674117.0,,
Costa Rica,2005,764644.0,,
Costa Rica,2006,894848.0,,
Costa Rica,2007,1107569.0,,
Costa Rica,2008,1432484.0,,
Costa Rica,2009,1778015.0,,
Costa Rica,2010,2326024.0,,
Costa Rica,2011,2447375.0,,
Costa Rica,2012,2795007.0,,
Costa Rica,2013,3004427.0,,
Costa Rica,2014,3287431.0,,
Costa Rica,2015,3624791.0,,
Costa Rica,2016,3819109.0,,
Costa Rica,2017,4126732.0,,
Costa Rica,2018,4210206.0,,
Costa Rica,2020,4431278.0,,
Costa Rica,2019,4494183.0,,
Costa Rica,2021,4666853.0,,
Cuba,2002,3173.0,,
Cuba,2003,3595.0,,
Cuba,2004,3985.0,,
Cuba,2006,6067.0,,
Cuba,2005,6612.0,,
Cuba,2013,8442.0,,
Cuba,2014,8538.0,,
Cuba,2015,8840.0,,
Cuba,2018,9302.0,,
Cuba,2007,9779.0,,
Cuba,2019,10436.0,,
Cuba,2010,11330.0,,
Cuba,2012,12177.0,,
Cuba,2008,12205.0,,
Cuba,2009,12363.0,,
Cuba,2011,13265.0,,
Cuba,2016,13373.0,,
Cuba,2020,13632.0,,
Cuba,2017,13759.0,,
Ecuador,2000,469.0,,
Ecuador,2001,990.0,,
Ecuador,2002,1120.0,,
Ecuador,2003,1178.0,,
Ecuador,2004,1429.0,,
Ecuador,2005,1796.0,,
Ecuador,2006,2036.0,,
Ecuador,2007,2762.0,,
Ecuador,2008,4012.0,,
Ecuador,2009,5038.0,,
Ecuador,2010,5616.0,,
Ecuador,2011,6403.0,,
Ecuador,2012,7177.0,,
Ecuador,2015,8346.0,,
Ecuador,2014,8637.0,,
Ecuador,2013,8794.0,,
Ecuador,2016,8824.0,,
Ecuador,2017,9598.0,,
Ecuador,2018,9741.0,,
Ecuador,2019,11255.0,,
Ecuador,2020,11348.0,,
Ecuador,2021,11684.0,,
El Salvador,1990,140.0,,
El Salvador,1991,156.0,,
El Salvador,1992,182.0,,
El Salvador,1993,255.0,,
El Salvador,1994,441.0,,
El Salvador,1995,463.0,,
El Salvador,1997,534.0,,
El Salvador,1996,536.0,,
El Salvador,1998,617.0,,
El Salvador,1999,677.0,,
El Salvador,2000,908.0,,
El Salvador,2001,1008.0,,
El Salvador,2003,1016.0,,
El Salvador,2002,1035.0,,
El Salvador,2007,1053.0,,
El Salvador,2004,1093.0,,
El Salvador,2008,1233.0,,
El Salvador,2005,1252.0,,
El Salvador,2006,1292.0,,
El Salvador,2010,1422.0,,
El Salvador,2011,1556.0,,
El Salvador,2012,1587.0,,
El Salvador,2009,1611.0,,
El Salvador,2013,1774.0,,
El Salvador,2014,1823.0,,
El Salvador,2016,1887.0,,
El Salvador,2015,1919.0,,
El Salvador,2017,2045.0,,
El Salvador,2018,2145.0,,
El Salvador,2019,2321.0,,
El Salvador,2020,3426.0,,
El Salvador,2021,3620.0,,
Guatemala,1991,1095.0,,
Guatemala,1992,1384.0,,
Guatemala,1993,1694.0,,
Guatemala,1994,1964.0,,
Guatemala,1995,3387.0,,
Guatemala,1996,3767.0,,
Guatemala,1997,5008.0,,
Guatemala,1998,7127.0,,
Guatemala,1999,8255.0,,
Guatemala,2000,8727.0,,
Guatemala,2001,10359.0,,
Guatemala,2002,11441.0,,
Guatemala,2003,13149.0,,
Guatemala,2004,13332.0,,
Guatemala,2005,15749.0,,
Guatemala,2006,17849.0,,
Guatemala,2007,18877.0,,
Guatemala,2008,20641.0,,
Guatemala,2009,24792.0,,
Guatemala,2010,26806.0,,
Guatemala,2011,27811.0,,
Guatemala,2012,29833.0,,
Guatemala,2013,32161.0,,
Guatemala,2014,34168.0,,
Guatemala,2015,34445.0,,
Guatemala,2016,36179.0,,
Guatemala,2017,38530.0,,
Guatemala,2018,41519.0,,
Guatemala,2019,46454.0,,
Guatemala,2021,50658.0,,
Guatemala,2020,56462.0,,
Guyana,2004,24824.0,,
Guyana,2005,27425.0,,
Guyana,2006,35405.0,,
Guyana,2008,36879.0,,
Guyana,2007,38143.0,,
Guyana,2009,50443.0,,
Guyana,2011,50808.0,,
Guyana,2010,52542.0,,
Guyana,2012,58103.0,,
Guyana,2013,61204.0,,
Guyana,2015,68200.0,,
Guyana,2014,73029.0,,
Guyana,2016,82760.0,,
Guyana,2017,92511.0,,
Guyana,2018,103162.0,,
Guyana,2019,117170.0,,
Guyana,2020,139322.0,,
Guyana,2021,180056.0,,
Haití,2012,14528.0,,
Haití,2013,17936.0,,
Haití,2014,20380.0,,
Honduras,2000,8120.0,,
Honduras,2001,9690.0,,
Honduras,2002,10937.0,,
Honduras,2003,14395.0,,
Honduras,2004,15692.0,,
Honduras,2005,17722.0,,
Honduras,2006,19802.0,,
Honduras,2007,24291.0,,
Honduras,2008,27290.0,,
Honduras,2009,30525.0,,
Honduras,2010,34778.0,,
Honduras,2011,35770.0,,
Honduras,2012,39036.0,,
Honduras,2014,39542.0,,
Honduras,2015,39900.0,,
Honduras,2013,40981.0,,
Honduras,2016,43904.0,,
Honduras,2018,45454.0,,
Honduras,2017,45849.0,,
Honduras,2019,48086.0,,
Honduras,2020,53988.0,,
Honduras,2021,67930.0,,
Jamaica,1992,5264.0,,
Jamaica,1993,10864.0,,
Jamaica,1994,13952.0,,
Jamaica,1995,17243.0,,
Jamaica,1996,23275.0,,
Jamaica,2000,27521.0,,
Jamaica,1999,28431.0,,
Jamaica,1997,29357.0,,
Jamaica,1998,31019.0,,
Jamaica,2001,34161.0,,
Jamaica,2002,44244.0,,
Jamaica,2003,48236.0,,
Jamaica,2004,54880.0,,
Jamaica,2005,61294.0,,
Jamaica,2006,77884.0,,
Jamaica,2007,94387.0,,
Jamaica,2008,112311.0,,
Jamaica,2009,121703.0,,
Jamaica,2010,128526.0,,
Jamaica,2011,135294.0,,
Jamaica,2012,140235.0,,
Jamaica,2013,150810.0,,
Jamaica,2014,156676.0,,
Jamaica,2015,180024.0,,
Jamaica,2016,189459.0,,
Jamaica,2017,203130.0,,
Jamaica,2018,209202.0,,
Jamaica,2019,220548.0,,
Jamaica,2020,235476.0,,
Jamaica,2021,267777.0,,
México,1999,333439.0,,
México,2000,407931.0,,
México,2001,449875.0,,
México,2002,507104.0,,
México,2003,555920.0,,
México,2004,635800.0,,
México,2005,715990.0,,
México,2006,810243.0,,
México,2007,972343.0,,
México,2008,1064193.0,,
México,2009,1148116.0,,
México,2010,1288193.0,,
México,2011,1408117.0,,
México,2012,1515489.0,,
México,2013,1634382.0,,
México,2014,1767424.0,,
México,2017,1932136.0,,
México,2015,1947455.0,,
México,2016,1997851.0,,
México,2018,2057568.0,,
México,2019,2258552.0,,
México,2020,2405782.0,,
México,2021,2589748.0,,
Nicaragua,1990,33.0,,
Nicaragua,1991,932.0,,
Nicaragua,1992,978.0,,
Nicaragua,1993,1205.0,,
Nicaragua,1994,1452.0,,
Nicaragua,1998,2263.0,,
Nicaragua,1999,4044.0,,
Nicaragua,2001,4088.0,,
Nicaragua,2000,4201.0,,
Nicaragua,2002,4892.0,,
Nicaragua,2003,6297.0,,
Nicaragua,2004,7368.0,,
Nicaragua,2005,9121.0,,
Nicaragua,2006,10342.0,,
Nicaragua,2007,12326.0,,
Nicaragua,2008,15186.0,,
Nicaragua,2009,16457.0,,
Nicaragua,2010,17435.0,,
Nicaragua,2011,19951.0,,
Nicaragua,2012,23596.0,,
Nicaragua,2013,26387.0,,
Nicaragua,2014,31579.0,,
Nicaragua,2015,36864.0,,
Nicaragua,2016,40391.0,,
Nicaragua,2017,44426.0,,
Nicaragua,2019,44671.0,,
Nicaragua,2018,45894.0,,
Nicaragua,2020,49223.0,,
Nicaragua,2021,59730.0,,
Panamá,2003,992.0,,
Panamá,2000,1052.0,,
Panamá,2002,1097.0,,
Panamá,2005,1132.0,,
Panamá,2004,1144.0,,
Panamá,2001,1165.0,,
Panamá,2006,1458.0,,
Panamá,2007,1702.0,,
Panamá,2008,2070.0,,
Panamá,2009,2252.0,,
Panamá,2010,2731.0,,
Panamá,2011,3003.0,,
Panamá,2012,3492.0,,
Panamá,2013,3778.0,,
Panamá,2014,4072.0,,
Panamá,2015,4538.0,,
Panamá,2016,4899.0,,
Panamá,2017,5396.0,,
Panamá,2018,5637.0,,
Panamá,2019,5943.0,,
Panamá,2020,6171.0,,
Paraguay,1990,191732.0,,
Paraguay,1991,393081.0,,
Paraguay,1992,532094.0,,
Paraguay,1993,718550.0,,
Paraguay,2000,2460819.0,,
Paraguay,2001,2546340.0,,
Paraguay,2003,2669813.0,,
Paraguay,2002,2738910.0,,
Paraguay,2004,3048432.0,,
Paraguay,2005,3754855.0,,
Paraguay,2006,4861033.0,,
Paraguay,2007,5646641.0,,
Paraguay,2008,6200663.0,,
Paraguay,2009,7790441.0,,
Paraguay,2010,8227037.0,,
Paraguay,2011,10291345.0,,
Paraguay,2012,12605723.0,,
Paraguay,2013,13704199.0,,
Paraguay,2014,15018441.0,,
Paraguay,2015,16614670.0,,
Paraguay,2016,17447700.0,,
Paraguay,2017,18856327.0,,
Paraguay,2018,20703450.0,,
Paraguay,2019,22725796.0,,
Paraguay,2021,27200042.0,,
Paraguay,2020,27699026.0,,
República Dominicana,1990,3064.0,,
República Dominicana,1991,3935.0,,
República Dominicana,1992,6509.0,,
República Dominicana,1993,9334.0,,
República Dominicana,1994,10608.0,,
República Dominicana,1995,10679.0,,
República Dominicana,1996,11716.0,,
República Dominicana,1997,13557.0,,
República Dominicana,1998,15158.0,,
República Dominicana,1999,18670.0,,
República Dominicana,2000,21707.0,,
República Dominicana,2001,27278.0,,
República Dominicana,2002,29605.0,,
República Dominicana,2003,36311.0,,
República Dominicana,2004,52361.0,,
República Dominicana,2005,63670.0,,
República Dominicana,2006,81656.0,,
República Dominicana,2007,96787.0,,
República Dominicana,2009,115806.0,,
República Dominicana,2008,121027.0,,
República Dominicana,2010,125332.0,,
República Dominicana,2011,137489.0,,
República Dominicana,2012,174855.0,,
República Dominicana,2013,212147.0,,
República Dominicana,2014,221890.0,,
República Dominicana,2015,251350.0,,
República Dominicana,2016,267126.0,,
República Dominicana,2017,305495.0,,
República Dominicana,2018,322350.0,,
República Dominicana,2019,350564.0,,
República Dominicana,2021,478494.0,,
República Dominicana,2020,549397.0,,
Trinidad y Tabago,2008,14520.0,,
Trinidad y Tabago,2009,16284.0,,
Trinidad y Tabago,2010,17363.0,,
Trinidad y Tabago,2011,20246.0,,
Trinidad y Tabago,2012,20377.0,,
Trinidad y Tabago,2017,21601.0,,
Trinidad y Tabago,2020,21642.0,,
Trinidad y Tabago,2021,21672.0,,
Trinidad y Tabago,2019,21766.0,,
Trinidad y Tabago,2018,22024.0,,
Trinidad y Tabago,2014,22111.0,,
Trinidad y Tabago,2013,22311.0,,
Trinidad y Tabago,2015,23602.0,,
Trinidad y Tabago,2016,23731.0,,
Uruguay,1990,798.0,,
Uruguay,1991,1812.0,,
Uruguay,1992,3492.0,,
Uruguay,1993,6051.0,,
Uruguay,1994,10159.0,,
Uruguay,1995,14905.0,,
Uruguay,1996,21266.0,,
Uruguay,1997,27464.0,,
Uruguay,1999,28738.0,,
Uruguay,2000,29946.0,,
Uruguay,2001,31362.0,,
Uruguay,1998,31912.0,,
Uruguay,2002,33230.0,,
Uruguay,2004,35642.0,,
Uruguay,2003,35734.0,,
Uruguay,2005,36848.0,,
Uruguay,2006,55842.0,,
Uruguay,2007,64472.0,,
Uruguay,2008,77552.0,,
Uruguay,2009,90733.0,,
Uruguay,2010,102766.0,,
Uruguay,2011,124967.0,,
Uruguay,2012,144762.0,,
Uruguay,2013,168185.0,,
Uruguay,2014,191478.0,,
Uruguay,2015,218546.0,,
Uruguay,2016,254611.0,,
Uruguay,2017,287902.0,,
Uruguay,2018,317306.0,,
Uruguay,2019,348477.0,,
Uruguay,2020,376651.0,,
Uruguay,2021,404299.0,,
Venezuela (República Bolivariana de),1997,4047584.0,,
Venezuela (República Bolivariana de),1998,4049611.0,,
Venezuela (República Bolivariana de),1999,5521186.0,,
Venezuela (República Bolivariana de),2000,8599170.0,,
Venezuela (República Bolivariana de),2001,10555399.0,,
Venezuela (República Bolivariana de),2002,11955711.0,,
Venezuela (República Bolivariana de),2003,16050622.0,,
Venezuela (República Bolivariana de),2004,24469445.0,,
Venezuela (República Bolivariana de),2005,34203405.0,,
Venezuela (República Bolivariana de),2006,53938221.0,,
Venezuela (República Bolivariana de),2007,63233901.0,,
Venezuela (República Bolivariana de),2008,88975395.0,,
Venezuela (República Bolivariana de),2009,92080628.0,,
Venezuela (República Bolivariana de),2010,118241241.0,,
Venezuela (República Bolivariana de),2011,182478254.0,,
Venezuela (República Bolivariana de),2012,235841376.0,,
Venezuela (República Bolivariana de),2013,360516721.0,,
Venezuela (República Bolivariana de),2014,568759347.0,,
Antigua y Barbuda,1995,,6.8,
Argentina,1995,,7.8,
Bahamas,1995,,9.5,
Barbados,1995,,8.1,
Belice,1995,,8.5,
Bolivia (Estado Plurinacional de),1995,,5.8,
Brasil,1995,,6.5,
Canadá,1995,,5.2,
Chile,1995,,8.3,
Colombia,1995,,6.6,
Costa Rica,1995,,6.2,
Cuba,1995,,7.0,
Dominica,1995,,7.6,
República Dominicana,1995,,6.2,
Ecuador,1995,,5.7,
El Salvador,1995,,7.3,
Granada,1995,,6.5,
Guatemala,1995,,6.5,
Guyana,1995,,6.1,
Haití,1995,,4.8,
Honduras,1995,,5.7,
Jamaica,1995,,7.0,
México,1995,,8.7,
Nicaragua,1995,,7.1,
Panamá,1995,,6.6,
Paraguay,1995,,5.3,
Perú,1995,,6.5,
Saint Kitts y Nevis,1995,,8.7,
Santa Lucía,1995,,6.8,
San Vicente y las Granadinas,1995,,7.1,
Suriname,1995,,8.8,
Trinidad y Tabago,1995,,5.9,
Estados Unidos de América,1995,,5.8,
Uruguay,1995,,7.9,
Venezuela (República Bolivariana de),1995,,8.4,
Antigua y Barbuda,1996,,6.9,
Argentina,1996,,7.9,
Bahamas,1996,,9.7,
Barbados,1996,,8.3,
Belice,1996,,8.7,
Bolivia (Estado Plurinacional de),1996,,5.9,
Brasil,1996,,6.5,
Canadá,1996,,5.3,
Chile,1996,,8.3,
Colombia,1996,,6.7,
Costa Rica,1996,,6.4,
Cuba,1996,,7.1,
Dominica,1996,,7.8,
República Dominicana,1996,,6.4,
Ecuador,1996,,5.8,
El Salvador,1996,,7.5,
Granada,1996,,6.7,
Guatemala,1996,,6.7,
Guyana,1996,,6.3,
Haití,1996,,4.9,
Honduras,1996,,5.8,
Jamaica,1996,,7.2,
México,1996,,8.9,
Nicaragua,1996,,7.3,
Panamá,1996,,6.7,
Paraguay,1996,,5.5,
Perú,1996,,6.5,
Saint Kitts y Nevis,1996,,8.9,
Santa Lucía,1996,,7.0,
San Vicente y las Granadinas,1996,,7.3,
Suriname,1996,,9.0,
Trinidad y Tabago,1996,,6.1,
Estados Unidos de América,1996,,5.9,
Uruguay,1996,,8.0,
Venezuela (República Bolivariana de),1996,,8.5,
Antigua y Barbuda,1997,,7.1,
Argentina,1997,,8.0,
Bahamas,1997,,9.9,
Barbados,1997,,8.5,
Belice,1997,,8.9,
Bolivia (Estado Plurinacional de),1997,,6.0,
Brasil,1997,,6.6,
Canadá,1997,,5.3,
Chile,1997,,8.4,
Colombia,1997,,6.8,
Costa Rica,1997,,6.5,
Cuba,1997,,7.1,
Dominica,1997,,8.0,
República Dominicana,1997,,6.6,
Ecuador,1997,,5.9,
El Salvador,1997,,7.7,
Granada,1997,,6.9,
Guatemala,1997,,6.8,
Guyana,1997,,6.5,
Haití,1997,,5.1,
Honduras,1997,,6.0,
Jamaica,1997,,7.4,
México,1997,,9.0,
Nicaragua,1997,,7.4,
Panamá,1997,,6.9,
Paraguay,1997,,5.6,
Perú,1997,,6.6,
Saint Kitts y Nevis,1997,,9.1,
Santa Lucía,1997,,7.3,
San Vicente y las Granadinas,1997,,7.5,
Suriname,1997,,9.1,
Trinidad y Tabago,1997,,6.3,
Estados Unidos de América,1997,,6.0,
Uruguay,1997,,8.0,
Venezuela (República Bolivariana de),1997,,8.6,
Antigua y Barbuda,1998,,7.3,
Argentina,1998,,8.0,
Bahamas,1998,,10.1,
Barbados,1998,,8.6,
Belice,1998,,9.1,
Bolivia (Estado Plurinacional de),1998,,6.2,
Brasil,1998,,6.7,
Canadá,1998,,5.3,
Chile,1998,,8.5,
Colombia,1998,,7.0,
Costa Rica,1998,,6.7,
Cuba,1998,,7.2,
Dominica,1998,,8.1,
República Dominicana,1998,,6.9,
Ecuador,1998,,6.0,
El Salvador,1998,,7.9,
Granada,1998,,7.1,
Guatemala,1998,,7.0,
Guyana,1998,,6.8,
Haití,1998,,5.3,
Honduras,1998,,6.1,
Jamaica,1998,,7.6,
México,1998,,9.2,
Nicaragua,1998,,7.6,
Panamá,1998,,7.0,
Paraguay,1998,,5.8,
Perú,1998,,6.6,
Saint Kitts y Nevis,1998,,9.4,
Santa Lucía,1998,,7.6,
San Vicente y las Granadinas,1998,,7.8,
Suriname,1998,,9.2,
Trinidad y Tabago,1998,,6.6,
Estados Unidos de América,1998,,6.1,
Uruguay,1998,,8.1,
Venezuela (República Bolivariana de),1998,,8.7,
Antigua y Barbuda,1999,,7.5,
Argentina,1999,,8.1,
Bahamas,1999,,10.3,
Barbados,1999,,8.8,
Belice,1999,,9.3,
Bolivia (Estado Plurinacional de),1999,,6.3,
Brasil,1999,,6.8,
Canadá,1999,,5.4,
Chile,1999,,8.6,
Colombia,1999,,7.1,
Costa Rica,1999,,6.9,
Cuba,1999,,7.3,
Dominica,1999,,8.3,
República Dominicana,1999,,7.2,
Ecuador,1999,,6.1,
El Salvador,1999,,8.1,
Granada,1999,,7.3,
Guatemala,1999,,7.2,
Guyana,1999,,7.0,
Haití,1999,,5.5,
Honduras,1999,,6.3,
Jamaica,1999,,7.9,
México,1999,,9.3,
Nicaragua,1999,,7.8,
Panamá,1999,,7.2,
Paraguay,1999,,5.9,
Perú,1999,,6.6,
Saint Kitts y Nevis,1999,,9.7,
Santa Lucía,1999,,7.9,
San Vicente y las Granadinas,1999,,8.0,
Suriname,1999,,9.4,
Trinidad y Tabago,1999,,6.8,
Estados Unidos de América,1999,,6.2,
Uruguay,1999,,8.2,
Venezuela (República Bolivariana de),1999,,8.8,
Antigua y Barbuda,2000,,7.7,
Argentina,2000,,8.2,
Bahamas,2000,,10.4,
Barbados,2000,,9.1,
Belice,2000,,9.5,
Bolivia (Estado Plurinacional de),2000,,6.4,
Brasil,2000,,6.9,
Canadá,2000,,5.4,
Chile,2000,,8.7,
Colombia,2000,,7.2,
Costa Rica,2000,,7.0,
Cuba,2000,,7.3,
Dominica,2000,,8.4,
República Dominicana,2000,,7.4,
Ecuador,2000,,6.3,
El Salvador,2000,,8.3,
Granada,2000,,7.5,
Guatemala,2000,,7.4,
Guyana,2000,,7.3,
Haití,2000,,5.7,
Honduras,2000,,6.5,
Jamaica,2000,,8.1,
México,2000,,9.5,
Nicaragua,2000,,7.9,
Panamá,2000,,7.3,
Paraguay,2000,,6.1,
Perú,2000,,6.7,
Saint Kitts y Nevis,2000,,9.9,
Santa Lucía,2000,,8.2,
San Vicente y las Granadinas,2000,,8.2,
Suriname,2000,,9.5,
Trinidad y Tabago,2000,,7.1,
Estados Unidos de América,2000,,6.3,
Uruguay,2000,,8.2,
Venezuela (República Bolivariana de),2000,,8.8,
Antigua y Barbuda,2001,,7.9,
Argentina,2001,,8.3,
Bahamas,2001,,10.6,
Barbados,2001,,9.3,
Belice,2001,,9.8,
Bolivia (Estado Plurinacional de),2001,,6.4,
Brasil,2001,,6.9,
Canadá,2001,,5.4,
Chile,2001,,8.8,
Colombia,2001,,7.3,
Costa Rica,2001,,7.2,
Cuba,2001,,7.4,
Dominica,2001,,8.6,
República Dominicana,2001,,7.7,
Ecuador,2001,,6.4,
El Salvador,2001,,8.5,
Granada,2001,,7.8,
Guatemala,2001,,7.6,
Guyana,2001,,7.5,
Haití,2001,,5.9,
Honduras,2001,,6.6,
Jamaica,2001,,8.3,
México,2001,,9.6,
Nicaragua,2001,,8.1,
Panamá,2001,,7.4,
Paraguay,2001,,6.2,
Perú,2001,,6.7,
Saint Kitts y Nevis,2001,,10.2,
Santa Lucía,2001,,8.5,
San Vicente y las Granadinas,2001,,8.4,
Suriname,2001,,9.7,
Trinidad y Tabago,2001,,7.3,
Estados Unidos de América,2001,,6.4,
Uruguay,2001,,8.3,
Venezuela (República Bolivariana de),2001,,8.9,
Antigua y Barbuda,2002,,8.1,
Argentina,2002,,8.3,
Bahamas,2002,,10.8,
Barbados,2002,,9.5,
Belice,2002,,10.0,
Bolivia (Estado Plurinacional de),2002,,6.5,
Brasil,2002,,7.0,
Canadá,2002,,5.5,
Chile,2002,,8.9,
Colombia,2002,,7.4,
Costa Rica,2002,,7.3,
Cuba,2002,,7.4,
Dominica,2002,,8.8,
República Dominicana,2002,,7.9,
Ecuador,2002,,6.4,
El Salvador,2002,,8.6,
Granada,2002,,8.0,
Guatemala,2002,,7.7,
Guyana,2002,,7.7,
Haití,2002,,6.1,
Honduras,2002,,6.8,
Jamaica,2002,,8.6,
México,2002,,9.8,
Nicaragua,2002,,8.3,
Panamá,2002,,7.6,
Paraguay,2002,,6.3,
Perú,2002,,6.7,
Saint Kitts y Nevis,2002,,10.5,
Santa Lucía,2002,,8.8,
San Vicente y las Granadinas,2002,,8.6,
Suriname,2002,,9.8,
Trinidad y Tabago,2002,,7.6,
Estados Unidos de América,2002,,6.5,
Uruguay,2002,,8.3,
Venezuela (República Bolivariana de),2002,,8.9,
Antigua y Barbuda,2003,,8.3,
Argentina,2003,,8.4,
Bahamas,2003,,10.9,
Barbados,2003,,9.7,
Belice,2003,,10.2,
Bolivia (Estado Plurinacional de),2003,,6.6,
Brasil,2003,,7.1,
Canadá,2003,,5.5,
Chile,2003,,9.0,
Colombia,2003,,7.5,
Costa Rica,2003,,7.5,
Cuba,2003,,7.5,
Dominica,2003,,8.9,
República Dominicana,2003,,8.1,
Ecuador,2003,,6.5,
El Salvador,2003,,8.8,
Granada,2003,,8.2,
Guatemala,2003,,7.9,
Guyana,2003,,8.0,
Haití,2003,,6.3,
Honduras,2003,,7.0,
Jamaica,2003,,8.8,
México,2003,,9.9,
Nicaragua,2003,,8.4,
Panamá,2003,,7.7,
Paraguay,2003,,6.5,
Perú,2003,,6.7,
Saint Kitts y Nevis,2003,,10.8,
Santa Lucía,2003,,9.1,
San Vicente y las Granadinas,2003,,8.8,
Suriname,2003,,10.0,
Trinidad y Tabago,2003,,7.9,
Estados Unidos de América,2003,,6.6,
Uruguay,2003,,8.4,
Venezuela (República Bolivariana de),2003,,9.0,
Antigua y Barbuda,2004,,8.6,
Argentina,2004,,8.5,
Bahamas,2004,,11.1,
Barbados,2004,,9.9,
Belice,2004,,10.4,
Bolivia (Estado Plurinacional de),2004,,6.7,
Brasil,2004,,7.2,
Canadá,2004,,5.5,
Chile,2004,,9.1,
Colombia,2004,,7.6,
Costa Rica,2004,,7.6,
Cuba,2004,,7.5,
Dominica,2004,,9.1,
República Dominicana,2004,,8.3,
Ecuador,2004,,6.6,
El Salvador,2004,,8.9,
Granada,2004,,8.5,
Guatemala,2004,,8.1,
Guyana,2004,,8.2,
Haití,2004,,6.6,
Honduras,2004,,7.2,
Jamaica,2004,,9.0,
México,2004,,10.0,
Nicaragua,2004,,8.6,
Panamá,2004,,7.8,
Paraguay,2004,,6.6,
Perú,2004,,6.8,
Saint Kitts y Nevis,2004,,11.1,
Santa Lucía,2004,,9.5,
San Vicente y las Granadinas,2004,,9.0,
Suriname,2004,,10.2,
Trinidad y Tabago,2004,,8.2,
Estados Unidos de América,2004,,6.7,
Uruguay,2004,,8.4,
Venezuela (República Bolivariana de),2004,,9.0,
Antigua y Barbuda,2005,,8.8,
Argentina,2005,,8.6,
Bahamas,2005,,11.2,
Barbados,2005,,10.1,
Belice,2005,,10.6,
Bolivia (Estado Plurinacional de),2005,,6.8,
Brasil,2005,,7.3,
Canadá,2005,,5.5,
Chile,2005,,9.2,
Colombia,2005,,7.7,
Costa Rica,2005,,7.8,
Cuba,2005,,7.6,
Dominica,2005,,9.3,
República Dominicana,2005,,8.5,
Ecuador,2005,,6.7,
El Salvador,2005,,9.0,
Granada,2005,,8.7,
Guatemala,2005,,8.3,
Guyana,2005,,8.5,
Haití,2005,,6.8,
Honduras,2005,,7.4,
Jamaica,2005,,9.3,
México,2005,,10.1,
Nicaragua,2005,,8.8,
Panamá,2005,,8.0,
Paraguay,2005,,6.7,
Perú,2005,,6.8,
Saint Kitts y Nevis,2005,,11.4,
Santa Lucía,2005,,9.9,
San Vicente y las Granadinas,2005,,9.2,
Suriname,2005,,10.4,
Trinidad y Tabago,2005,,8.5,
Estados Unidos de América,2005,,6.7,
Uruguay,2005,,8.5,
Venezuela (República Bolivariana de),2005,,9.0,
Antigua y Barbuda,2006,,9.1,
Argentina,2006,,8.7,
Bahamas,2006,,11.4,
Barbados,2006,,10.4,
Belice,2006,,10.8,
Bolivia (Estado Plurinacional de),2006,,6.9,
Brasil,2006,,7.4,
Canadá,2006,,5.5,
Chile,2006,,9.3,
Colombia,2006,,7.7,
Costa Rica,2006,,7.9,
Cuba,2006,,7.6,
Dominica,2006,,9.5,
República Dominicana,2006,,8.7,
Ecuador,2006,,6.8,
El Salvador,2006,,9.1,
Granada,2006,,9.0,
Guatemala,2006,,8.4,
Guyana,2006,,8.7,
Haití,2006,,7.0,
Honduras,2006,,7.6,
Jamaica,2006,,9.6,
México,2006,,10.3,
Nicaragua,2006,,8.9,
Panamá,2006,,8.1,
Paraguay,2006,,6.9,
Perú,2006,,6.9,
Saint Kitts y Nevis,2006,,11.8,
Santa Lucía,2006,,10.3,
San Vicente y las Granadinas,2006,,9.3,
Suriname,2006,,10.6,
Trinidad y Tabago,2006,,8.9,
Estados Unidos de América,2006,,6.8,
Uruguay,2006,,8.6,
Venezuela (República Bolivariana de),2006,,9.1,
Antigua y Barbuda,2007,,9.4,
Argentina,2007,,8.8,
Bahamas,2007,,11.5,
Barbados,2007,,10.6,
Belice,2007,,11.0,
Bolivia (Estado Plurinacional de),2007,,7.0,
Brasil,2007,,7.5,
Canadá,2007,,5.5,
Chile,2007,,9.4,
Colombia,2007,,7.8,
Costa Rica,2007,,8.0,
Cuba,2007,,7.7,
Dominica,2007,,9.7,
República Dominicana,2007,,8.9,
Ecuador,2007,,7.0,
El Salvador,2007,,9.2,
Granada,2007,,9.2,
Guatemala,2007,,8.6,
Guyana,2007,,8.9,
Haití,2007,,7.2,
Honduras,2007,,7.8,
Jamaica,2007,,9.8,
México,2007,,10.4,
Nicaragua,2007,,9.1,
Panamá,2007,,8.2,
Paraguay,2007,,7.0,
Perú,2007,,7.0,
Saint Kitts y Nevis,2007,,12.1,
Santa Lucía,2007,,10.7,
San Vicente y las Granadinas,2007,,9.5,
Suriname,2007,,10.9,
Trinidad y Tabago,2007,,9.2,
Estados Unidos de América,2007,,6.9,
Uruguay,2007,,8.7,
Venezuela (República Bolivariana de),2007,,9.1,
Antigua y Barbuda,2008,,9.7,
Argentina,2008,,8.9,
Bahamas,2008,,11.6,
Barbados,2008,,10.8,
Belice,2008,,11.2,
Bolivia (Estado Plurinacional de),2008,,7.1,
Brasil,2008,,7.6,
Canadá,2008,,5.5,
Chile,2008,,9.6,
Colombia,2008,,7.9,
Costa Rica,2008,,8.1,
Cuba,2008,,7.8,
Dominica,2008,,9.9,
República Dominicana,2008,,9.1,
Ecuador,2008,,7.1,
El Salvador,2008,,9.3,
Granada,2008,,9.5,
Guatemala,2008,,8.8,
Guyana,2008,,9.2,
Haití,2008,,7.4,
Honduras,2008,,8.0,
Jamaica,2008,,10.1,
México,2008,,10.5,
Nicaragua,2008,,9.2,
Panamá,2008,,8.4,
Paraguay,2008,,7.1,
Perú,2008,,7.0,
Saint Kitts y Nevis,2008,,12.4,
Santa Lucía,2008,,11.2,
San Vicente y las Granadinas,2008,,9.6,
Suriname,2008,,11.1,
Trinidad y Tabago,2008,,9.5,
Estados Unidos de América,2008,,6.9,
Uruguay,2008,,8.8,
Venezuela (República Bolivariana de),2008,,9.2,
Antigua y Barbuda,2009,,10.0,
Argentina,2009,,9.0,
Bahamas,2009,,11.8,
Barbados,2009,,11.0,
Belice,2009,,11.4,
Bolivia (Estado Plurinacional de),2009,,7.3,
Brasil,2009,,7.7,
Canadá,2009,,5.5,
Chile,2009,,9.7,
Colombia,2009,,8.0,
Costa Rica,2009,,8.2,
Cuba,2009,,7.9,
Dominica,2009,,10.1,
República Dominicana,2009,,9.3,
Ecuador,2009,,7.2,
El Salvador,2009,,9.4,
Granada,2009,,9.7,
Guatemala,2009,,8.9,
Guyana,2009,,9.5,
Haití,2009,,7.6,
Honduras,2009,,8.2,
Jamaica,2009,,10.4,
México,2009,,10.6,
Nicaragua,2009,,9.4,
Panamá,2009,,8.5,
Paraguay,2009,,7.3,
Perú,2009,,7.1,
Saint Kitts y Nevis,2009,,12.8,
Santa Lucía,2009,,11.7,
San Vicente y las Granadinas,2009,,9.8,
Suriname,2009,,11.3,
Trinidad y Tabago,2009,,9.9,
Estados Unidos de América,2009,,7.0,
Uruguay,2009,,8.9,
Venezuela (República Bolivariana de),2009,,9.2,
Antigua y Barbuda,2010,,10.2,
Argentina,2010,,9.1,
Bahamas,2010,,11.9,
Barbados,2010,,11.2,
Belice,2010,,11.7,
Bolivia (Estado Plurinacional de),2010,,7.4,
Brasil,2010,,7.8,
Canadá,2010,,5.5,
Chile,2010,,9.9,
Colombia,2010,,8.1,
Costa Rica,2010,,8.4,
Cuba,2010,,8.0,
Dominica,2010,,10.3,
República Dominicana,2010,,9.4,
Ecuador,2010,,7.3,
El Salvador,2010,,9.6,
Granada,2010,,10.0,
Guatemala,2010,,9.1,
Guyana,2010,,9.7,
Haití,2010,,7.8,
Honduras,2010,,8.4,
Jamaica,2010,,10.7,
México,2010,,10.7,
Nicaragua,2010,,9.5,
Panamá,2010,,8.7,
Paraguay,2010,,7.4,
Perú,2010,,7.2,
Saint Kitts y Nevis,2010,,13.1,
Santa Lucía,2010,,12.2,
San Vicente y las Granadinas,2010,,9.9,
Suriname,2010,,11.4,
Trinidad y Tabago,2010,,10.2,
Estados Unidos de América,2010,,7.0,
Uruguay,2010,,9.0,
Venezuela (República Bolivariana de),2010,,9.3,
Antigua y Barbuda,2011,,10.5,
Argentina,2011,,9.3,
Bahamas,2011,,12.0,
Barbados,2011,,11.4,
Belice,2011,,11.9,
Bolivia (Estado Plurinacional de),2011,,7.5,
Brasil,2011,,7.9,
Canadá,2011,,5.5,
Chile,2011,,10.0,
Colombia,2011,,8.2,
Costa Rica,2011,,8.5,
Cuba,2011,,8.1,
Dominica,2011,,10.5,
República Dominicana,2011,,9.6,
Ecuador,2011,,7.5,
El Salvador,2011,,9.7,
Granada,2011,,10.3,
Guatemala,2011,,9.2,
Guyana,2011,,10.0,
Haití,2011,,8.0,
Honduras,2011,,8.6,
Jamaica,2011,,11.0,
México,2011,,10.8,
Nicaragua,2011,,9.7,
Panamá,2011,,8.8,
Paraguay,2011,,7.6,
Perú,2011,,7.3,
Saint Kitts y Nevis,2011,,13.5,
Santa Lucía,2011,,12.7,
San Vicente y las Granadinas,2011,,10.1,
Suriname,2011,,11.6,
Trinidad y Tabago,2011,,10.6,
Estados Unidos de América,2011,,7.1,
Uruguay,2011,,9.1,
Venezuela (República Bolivariana de),2011,,9.3,
Antigua y Barbuda,2012,,10.8,
Argentina,2012,,9.4,
Bahamas,2012,,12.2,
Barbados,2012,,11.7,
Belice,2012,,12.1,
Bolivia (Estado Plurinacional de),2012,,7.7,
Brasil,2012,,8.0,
Canadá,2012,,5.5,
Chile,2012,,10.2,
Colombia,2012,,8.3,
Costa Rica,2012,,8.6,
Cuba,2012,,8.2,
Dominica,2012,,10.7,
República Dominicana,2012,,9.7,
Ecuador,2012,,7.6,
El Salvador,2012,,9.8,
Granada,2012,,10.5,
Guatemala,2012,,9.4,
Guyana,2012,,10.3,
Haití,2012,,8.2,
Honduras,2012,,8.8,
Jamaica,2012,,11.3,
México,2012,,11.0,
Nicaragua,2012,,9.8,
Panamá,2012,,9.0,
Paraguay,2012,,7.8,
Perú,2012,,7.4,
Saint Kitts y Nevis,2012,,13.8,
Santa Lucía,2012,,13.3,
San Vicente y las Granadinas,2012,,10.3,
Suriname,2012,,11.8,
Trinidad y Tabago,2012,,11.0,
Estados Unidos de América,2012,,7.1,
Uruguay,2012,,9.2,
Venezuela (República Bolivariana de),2012,,9.3,
Antigua y Barbuda,2013,,11.2,
Argentina,2013,,9.5,
Bahamas,2013,,12.3,
Barbados,2013,,11.9,
Belice,2013,,12.4,
Bolivia (Estado Plurinacional de),2013,,7.8,
Brasil,2013,,8.1,
Canadá,2013,,5.5,
Chile,2013,,10.3,
Colombia,2013,,8.4,
Costa Rica,2013,,8.8,
Cuba,2013,,8.3,
Dominica,2013,,10.9,
República Dominicana,2013,,9.9,
Ecuador,2013,,7.8,
El Salvador,2013,,9.9,
Granada,2013,,10.8,
Guatemala,2013,,9.5,
Guyana,2013,,10.6,
Haití,2013,,8.5,
Honduras,2013,,9.0,
Jamaica,2013,,11.6,
México,2013,,11.1,
Nicaragua,2013,,10.0,
Panamá,2013,,9.2,
Paraguay,2013,,8.0,
Perú,2013,,7.5,
Saint Kitts y Nevis,2013,,14.2,
Santa Lucía,2013,,13.9,
San Vicente y las Granadinas,2013,,10.4,
Suriname,2013,,12.1,
Trinidad y Tabago,2013,,11.3,
Estados Unidos de América,2013,,7.2,
Uruguay,2013,,9.4,
Venezuela (República Bolivariana de),2013,,9.4,
Antigua y Barbuda,2014,,11.5,
Argentina,2014,,9.7,
Bahamas,2014,,12.5,
Barbados,2014,,12.2,
Belice,2014,,12.7,
Bolivia (Estado Plurinacional de),2014,,8.0,
Brasil,2014,,8.3,
Canadá,2014,,5.5,
Chile,2014,,10.5,
Colombia,2014,,8.5,
Costa Rica,2014,,8.9,
Cuba,2014,,8.4,
Dominica,2014,,11.1,
República Dominicana,2014,,10.1,
Ecuador,2014,,8.0,
El Salvador,2014,,10.1,
Granada,2014,,11.1,
Guatemala,2014,,9.7,
Guyana,2014,,10.9,
Haití,2014,,8.7,
Honduras,2014,,9.3,
Jamaica,2014,,11.9,
México,2014,,11.2,
Nicaragua,2014,,10.1,
Panamá,2014,,9.3,
Paraguay,2014,,8.1,
Perú,2014,,7.7,
Saint Kitts y Nevis,2014,,14.5,
Santa Lucía,2014,,14.5,
San Vicente y las Granadinas,2014,,10.6,
Suriname,2014,,12.3,
Trinidad y Tabago,2014,,11.7,
Estados Unidos de América,2014,,7.3,
Uruguay,2014,,9.5,
Venezuela (República Bolivariana de),2014,,9.5,
Argentina,1990,,,16.6
Argentina,1991,,,17.0
Argentina,1992,,,17.4
Argentina,1993,,,17.8
Argentina,1994,,,18.2
Argentina,1995,,,18.5
Argentina,1996,,,18.9
Argentina,1997,,,19.3
Argentina,1998,,,19.7
Argentina,1999,,,20.1
Argentina,2000,,,20.5
Argentina,2001,,,20.9
Argentina,2002,,,21.4
Argentina,2003,,,21.8
Argentina,2004,,,22.3
Argentina,2005,,,22.8
Argentina,2006,,,23.2
Argentina,2007,,,23.7
Argentina,2008,,,24.2
Argentina,2009,,,24.7
Argentina,2010,,,25.3
Argentina,2011,,,25.8
Argentina,2012,,,26.3
Argentina,2013,,,26.9
Argentina,2014,,,27.4
Argentina,2015,,,28.0
Argentina,2016,,,28.5
Brazil,1990,,,9.1
Brazil,1991,,,9.5
Brazil,1992,,,9.9
Brazil,1993,,,10.3
Brazil,1994,,,10.8
Brazil,1995,,,11.2
Brazil,1996,,,11.6
Brazil,1997,,,12.1
Brazil,1998,,,12.6
Brazil,1999,,,13.0
Brazil,2000,,,13.5
Brazil,2001,,,14.0
Brazil,2002,,,14.5
Brazil,2003,,,15.0
Brazil,2004,,,15.5
Brazil,2005,,,16.0
Brazil,2006,,,16.6
Brazil,2007,,,17.1
Brazil,2008,,,17.7
Brazil,2009,,,18.2
Brazil,2010,,,18.8
Brazil,2011,,,19.4
Brazil,2012,,,19.9
Brazil,2013,,,20.5
Brazil,2014,,,21.1
Brazil,2015,,,21.7
Brazil,2016,,,22.3
Canada,1990,,,15.3
Canada,1991,,,15.8
Canada,1992,,,16.4
Canada,1993,,,17.0
Canada,1994,,,17.6
Canada,1995,,,18.2
Canada,1996,,,18.8
Canada,1997,,,19.5
Canada,1998,,,20.1
Canada,1999,,,20.8
Canada,2000,,,21.5
Canada,2001,,,22.1
Canada,2002,,,22.8
Canada,2003,,,23.4
Canada,2004,,,24.0
Canada,2005,,,24.6
Canada,2006,,,25.2
Canada,2007,,,25.8
Canada,2008,,,26.4
Canada,2009,,,27.0
Canada,2010,,,27.6
Canada,2011,,,28.2
Canada,2012,,,28.8
Canada,2013,,,29.4
Canada,2014,,,30.1
Canada,2015,,,30.7
Canada,2016,,,31.3
Chile,1990,,,15.4
Chile,1991,,,15.9
Chile,1992,,,16.3
Chile,1993,,,16.8
Chile,1994,,,17.2
Chile,1995,,,17.7
Chile,1996,,,18.2
Chile,1997,,,18.7
Chile,1998,,,19.3
Chile,1999,,,19.8
Chile,2000,,,20.3
Chile,2001,,,20.8
Chile,2002,,,21.4
Chile,2003,,,21.9
Chile,2004,,,22.4
Chile,2005,,,22.9
Chile,2006,,,23.4
Chile,2007,,,23.9
Chile,2008,,,24.4
Chile,2009,,,25.0
Chile,2010,,,25.5
Chile,2011,,,26.0
Chile,2012,,,26.6
Chile,2013,,,27.1
Chile,2014,,,27.7
Chile,2015,,,28.3
Chile,2016,,,28.8
Colombia,1990,,,9.8
Colombia,1991,,,10.2
Colombia,1992,,,10.6
Colombia,1993,,,11.0
Colombia,1994,,,11.4
Colombia,1995,,,11.8
Colombia,1996,,,12.3
Colombia,1997,,,12.7
Colombia,1998,,,13.1
Colombia,1999,,,13.6
Colombia,2000,,,14.0
Colombia,2001,,,14.5
Colombia,2002,,,14.9
Colombia,2003,,,15.4
Colombia,2004,,,15.9
Colombia,2005,,,16.3
Colombia,2006,,,16.8
Colombia,2007,,,17.3
Colombia,2008,,,17.8
Colombia,2009,,,18.3
Colombia,2010,,,18.8
Colombia,2011,,,19.4
Colombia,2012,,,19.9
Colombia,2013,,,20.5
Colombia,2014,,,21.0
Colombia,2015,,,21.6
Colombia,2016,,,22.1
Costa Rica,1990,,,8.6
Costa Rica,1991,,,9.0
Costa Rica,1992,,,9.5
Costa Rica,1993,,,10.0
Costa Rica,1994,,,10.6
Costa Rica,1995,,,11.1
Costa Rica,1996,,,11.6
Costa Rica,1997,,,12.2
Costa Rica,1998,,,12.7
Costa Rica,1999,,,13.3
Costa Rica,2000,,,13.8
Costa Rica,2001,,,14.4
Costa Rica,2002,,,15.0
Costa Rica,2003,,,15.7
Costa Rica,2004,,,16.4
Costa Rica,2005,,,17.1
Costa Rica,2006,,,17.8
Costa Rica,2007,,,18.5
Costa Rica,2008,,,19.2
Costa Rica,2009,,,20.0
Costa Rica,2010,,,20.8
Costa Rica,2011,,,21.6
Costa Rica,2012,,,22.4
Costa Rica,2013,,,23.2
Costa Rica,2014,,,24.0
Costa Rica,2015,,,24.8
Costa Rica,2016,,,25.7
Cuba,1990,,,12.4
Cuba,1991,,,12.8
Cuba,1992,,,13.2
Cuba,1993,,,13.7
Cuba,1994,,,14.2
Cuba,1995,,,14.7
Cuba,1996,,,15.2
Cuba,1997,,,15.8
Cuba,1998,,,16.3
Cuba,1999,,,16.9
Cuba,2000,,,17.5
Cuba,2001,,,18.1
Cuba,2002,,,18.6
Cuba,2003,,,19.2
Cuba,2004,,,19.7
Cuba,2005,,,20.3
Cuba,2006,,,20.9
Cuba,2007,,,21.4
Cuba,2008,,,22.0
Cuba,2009,,,22.5
Cuba,2010,,,23.1
Cuba,2011,,,23.7
Cuba,2012,,,24.3
Cuba,2013,,,24.9
Cuba,2014,,,25.5
Cuba,2015,,,26.1
Cuba,2016,,,26.7
Dominican Republic,1990,,,9.9
Dominican Republic,1991,,,10.3
Dominican Republic,1992,,,10.7
Dominican Republic,1993,,,11.1
Dominican Republic,1994,,,11.5
Dominican Republic,1995,,,11.9
Dominican Republic,1996,,,12.4
Dominican Republic,1997,,,12.9
Dominican Republic,1998,,,13.5
Dominican Republic,1999,,,14.0
Dominican Republic,2000,,,14.6
Dominican Republic,2001,,,15.2
Dominican Republic,2002,,,15.9
Dominican Republic,2003,,,16.5
Dominican Republic,2004,,,17.2
Dominican Republic,2005,,,17.9
Dominican Republic,2006,,,18.7
Dominican Republic,2007,,,19.4
Dominican Republic,2008,,,20.2
Dominican Republic,2009,,,21.0
Dominican Republic,2010,,,21.8
Dominican Republic,2011,,,22.7
Dominican Republic,2012,,,23.5
Dominican Republic,2013,,,24.3
Dominican Republic,2014,,,25.2
Dominican Republic,2015,,,26.0
Dominican Republic,2016,,,26.9
Ecuador,1990,,,8.3
Ecuador,1991,,,8.6
Ecuador,1992,,,9.0
Ecuador,1993,,,9.3
Ecuador,1994,,,9.7
Ecuador,1995,,,10.1
Ecuador,1996,,,10.4
Ecuador,1997,,,10.8
Ecuador,1998,,,11.2
Ecuador,1999,,,11.6
Ecuador,2000,,,12.0
Ecuador,2001,,,12.4
Ecuador,2002,,,12.9
Ecuador,2003,,,13.3
Ecuador,2004,,,13.7
Ecuador,2005,,,14.1
Ecuador,2006,,,14.6
Ecuador,2007,,,15.0
Ecuador,2008,,,15.4
Ecuador,2009,,,15.9
Ecuador,2010,,,16.3
Ecuador,2011,,,16.8
Ecuador,2012,,,17.3
Ecuador,2013,,,17.8
Ecuador,2014,,,18.3
Ecuador,2015,,,18.8
Ecuador,2016,,,19.3
El Salvador,1990,,,9.2
El Salvador,1991,,,9.6
El Salvador,1992,,,10.0
El Salvador,1993,,,10.5
El Salvador,1994,,,10.9
El Salvador,1995,,,11.4
El Salvador,1996,,,11.9
El Salvador,1997,,,12.5
El Salvador,1998,,,13.0
El Salvador,1999,,,13.6
El Salvador,2000,,,14.1
El Salvador,2001,,,14.7
El Salvador,2002,,,15.2
El Salvador,2003,,,15.8
El Salvador,2004,,,16.3
El Salvador,2005,,,16.8
El Salvador,2006,,,17.3
El Salvador,2007,,,17.8
El Salvador,2008,,,18.3
El Salvador,2009,,,18.8
El Salvador,2010,,,19.4
El Salvador,2011,,,19.9
El Salvador,2012,,,20.4
El Salvador,2013,,,20.9
El Salvador,2014,,,21.5
El Salvador,2015,,,22.1
El Salvador,2016,,,22.7
Guatemala,1990,,,7.8
Guatemala,1991,,,8.1
Guatemala,1992,,,8.4
Guatemala,1993,,,8.7
Guatemala,1994,,,9.1
Guatemala,1995,,,9.4
Guatemala,1996,,,9.8
Guatemala,1997,,,10.1
Guatemala,1998,,,10.5
Guatemala,1999,,,10.9
Guatemala,2000,,,11.3
Guatemala,2001,,,11.7
Guatemala,2002,,,12.1
Guatemala,2003,,,12.5
Guatemala,2004,,,12.9
Guatemala,2005,,,13.3
Guatemala,2006,,,13.8
Guatemala,2007,,,14.2
Guatemala,2008,,,14.7
Guatemala,2009,,,15.2
Guatemala,2010,,,15.6
Guatemala,2011,,,16.1
Guatemala,2012,,,16.6
Guatemala,2013,,,17.1
Guatemala,2014,,,17.7
Guatemala,2015,,,18.2
Guatemala,2016,,,18.8
Guyana,1990,,,7.3
Guyana,1991,,,7.5
Guyana,1992,,,7.8
Guyana,1993,,,8.0
Guyana,1994,,,8.3
Guyana,1995,,,8.6
Guyana,1996,,,9.0
Guyana,1997,,,9.5
Guyana,1998,,,10.0
Guyana,1999,,,10.5
Guyana,2000,,,11.0
Guyana,2001,,,11.4
Guyana,2002,,,11.9
Guyana,2003,,,12.3
Guyana,2004,,,12.7
Guyana,2005,,,13.1
Guyana,2006,,,13.5
Guyana,2007,,,14.0
Guyana,2008,,,14.4
Guyana,2009,,,14.9
Guyana,2010,,,15.4
Guyana,2011,,,16.0
Guyana,2012,,,16.6
Guyana,2013,,,17.3
Guyana,2014,,,17.9
Guyana,2015,,,18.6
Guyana,2016,,,19.2
Haiti,1990,,,5.7
Haiti,1991,,,6.1
Haiti,1992,,,6.4
Haiti,1993,,,6.8
Haiti,1994,,,7.2
Haiti,1995,,,7.6
Haiti,1996,,,7.9
Haiti,1997,,,8.3
Haiti,1998,,,8.7
Haiti,1999,,,9.1
Haiti,2000,,,9.5
Haiti,2001,,,9.9
Haiti,2002,,,10.4
Haiti,2003,,,10.9
Haiti,2004,,,11.5
Haiti,2005,,,12.1
Haiti,2006,,,12.7
Haiti,2007,,,13.4
Haiti,2008,,,14.1
Haiti,2009,,,14.8
Haiti,2010,,,15.6
Haiti,2011,,,16.4
Haiti,2012,,,17.2
Haiti,2013,,,18.0
Haiti,2014,,,18.8
Haiti,2015,,,19.6
Haiti,2016,,,20.5
Honduras,1990,,,7.1
Honduras,1991,,,7.5
Honduras,1992,,,7.8
Honduras,1993,,,8.1
Honduras,1994,,,8.5
Honduras,1995,,,8.8
Honduras,1996,,,9.2
Honduras,1997,,,9.6
Honduras,1998,,,10.0
Honduras,1999,,,10.4
Honduras,2000,,,10.8
Honduras,2001,,,11.2
Honduras,2002,,,11.7
Honduras,2003,,,12.1
Honduras,2004,,,12.6
Honduras,2005,,,13.1
Honduras,2006,,,13.6
Honduras,2007,,,14.1
Honduras,2008,,,14.6
Honduras,2009,,,15.2
Honduras,2010,,,15.7
Honduras,2011,,,16.3
Honduras,2012,,,16.9
Honduras,2013,,,17.5
Honduras,2014,,,18.1
Honduras,2015,,,18.7
Honduras,2016,,,19.4
Jamaica,1990,,,10.4
Jamaica,1991,,,10.8
Jamaica,1992,,,11.2
Jamaica,1993,,,11.5
Jamaica,1994,,,12.0
Jamaica,1995,,,12.4
Jamaica,1996,,,12.8
Jamaica,1997,,,13.3
Jamaica,1998,,,13.8
Jamaica,1999,,,14.3
Jamaica,2000,,,14.8
Jamaica,2001,,,15.4
Jamaica,2002,,,16.0
Jamaica,2003,,,16.6
Jamaica,2004,,,17.2
Jamaica,2005,,,17.8
Jamaica,2006,,,18.4
Jamaica,2007,,,19.0
Jamaica,2008,,,19.6
Jamaica,2009,,,20.1
Jamaica,2010,,,20.7
Jamaica,2011,,,21.3
Jamaica,2012,,,21.9
Jamaica,2013,,,22.5
Jamaica,2014,,,23.1
Jamaica,2015,,,23.7
Jamaica,2016,,,24.4
Mexico,1990,,,14.0
Mexico,1991,,,14.5
Mexico,1992,,,14.9
Mexico,1993,,,15.4
Mexico,1994,,,15.9
Mexico,1995,,,16.4
Mexico,1996,,,16.9
Mexico,1997,,,17.5
Mexico,1998,,,18.0
Mexico,1999,,,18.5
Mexico,2000,,,19.1
Mexico,2001,,,19.7
Mexico,2002,,,20.2
Mexico,2003,,,20.8
Mexico,2004,,,21.4
Mexico,2005,,,22.0
Mexico,2006,,,22.6
Mexico,2007,,,23.1
Mexico,2008,,,23.7
Mexico,2009,,,24.3
Mexico,2010,,,24.9
Mexico,2011,,,25.5
Mexico,2012,,,26.0
Mexico,2013,,,26.6
Mexico,2014,,,27.2
Mexico,2015,,,27.8
Mexico,2016,,,28.4
Nicaragua,1990,,,9.7
Nicaragua,1991,,,10.0
Nicaragua,1992,,,10.3
Nicaragua,1993,,,10.7
Nicaragua,1994,,,11.0
Nicaragua,1995,,,11.4
Nicaragua,1996,,,11.7
Nicaragua,1997,,,12.1
Nicaragua,1998,,,12.5
Nicaragua,1999,,,12.9
Nicaragua,2000,,,13.3
Nicaragua,2001,,,13.7
Nicaragua,2002,,,14.2
Nicaragua,2003,,,14.6
Nicaragua,2004,,,15.1
Nicaragua,2005,,,15.6
Nicaragua,2006,,,16.1
Nicaragua,2007,,,16.6
Nicaragua,2008,,,17.1
Nicaragua,2009,,,17.6
Nicaragua,2010,,,18.2
Nicaragua,2011,,,18.8
Nicaragua,2012,,,19.3
Nicaragua,2013,,,19.9
Nicaragua,2014,,,20.5
Nicaragua,2015,,,21.2
Nicaragua,2016,,,21.8
Panama,1990,,,9.0
Panama,1991,,,9.3
Panama,1992,,,9.7
Panama,1993,,,10.1
Panama,1994,,,10.6
Panama,1995,,,11.0
Panama,1996,,,11.5
Panama,1997,,,12.0
Panama,1998,,,12.5
Panama,1999,,,13.1
Panama,2000,,,13.6
Panama,2001,,,14.2
Panama,2002,,,14.7
Panama,2003,,,15.3
Panama,2004,,,15.8
Panama,2005,,,16.3
Panama,2006,,,16.9
Panama,2007,,,17.4
Panama,2008,,,18.0
Panama,2009,,,18.5
Panama,2010,,,19.0
Panama,2011,,,19.6
Panama,2012,,,20.2
Panama,2013,,,20.8
Panama,2014,,,21.3
Panama,2015,,,21.9
Panama,2016,,,22.5
Paraguay,1990,,,7.1
Paraguay,1991,,,7.4
Paraguay,1992,,,7.8
Paraguay,1993,,,8.2
Paraguay,1994,,,8.6
Paraguay,1995,,,9.0
Paraguay,1996,,,9.4
Paraguay,1997,,,9.8
Paraguay,1998,,,10.2
Paraguay,1999,,,10.6
Paraguay,2000,,,11.1
Paraguay,2001,,,11.5
Paraguay,2002,,,11.9
Paraguay,2003,,,12.4
Paraguay,2004,,,12.8
Paraguay,2005,,,13.3
Paraguay,2006,,,13.8
Paraguay,2007,,,14.2
Paraguay,2008,,,14.7
Paraguay,2009,,,15.2
Paraguay,2010,,,15.7
Paraguay,2011,,,16.2
Paraguay,2012,,,16.7
Paraguay,2013,,,17.3
Paraguay,2014,,,17.8
Paraguay,2015,,,18.4
Paraguay,2016,,,19.0
Peru,1990,,,9.1
Peru,1991,,,9.4
Peru,1992,,,9.7
Peru,1993,,,10.0
Peru,1994,,,10.3
Peru,1995,,,10.6
Peru,1996,,,10.9
Peru,1997,,,11.2
Peru,1998,,,11.6
Peru,1999,,,11.9
Peru,2000,,,12.3
Peru,2001,,,12.6
Peru,2002,,,13.0
Peru,2003,,,13.4
Peru,2004,,,13.8
Peru,2005,,,14.2
Peru,2006,,,14.6
Peru,2007,,,15.0
Peru,2008,,,15.4
Peru,2009,,,15.9
Peru,2010,,,16.3
Peru,2011,,,16.7
Peru,2012,,,17.2
Peru,2013,,,17.7
Peru,2014,,,18.1
Peru,2015,,,18.6
Peru,2016,,,19.1
Trinidad and Tobago,1990,,,6.3
Trinidad and Tobago,1991,,,6.6
Trinidad and Tobago,1992,,,6.9
Trinidad and Tobago,1993,,,7.3
Trinidad and Tobago,1994,,,7.6
Trinidad and Tobago,1995,,,8.0
Trinidad and Tobago,1996,,,8.4
Trinidad and Tobago,1997,,,8.8
Trinidad and Tobago,1998,,,9.3
Trinidad and Tobago,1999,,,9.7
Trinidad and Tobago,2000,,,10.2
Trinidad and Tobago,2001,,,10.6
Trinidad and Tobago,2002,,,11.1
Trinidad and Tobago,2003,,,11.6
Trinidad and Tobago,2004,,,12.1
Trinidad and Tobago,2005,,,12.6
Trinidad and Tobago,2006,,,13.1
Trinidad and Tobago,2007,,,13.6
Trinidad and Tobago,2008,,,14.2
Trinidad and Tobago,2009,,,14.8
Trinidad and Tobago,2010,,,15.4
Trinidad and Tobago,2011,,,16.1
Trinidad and Tobago,2012,,,16.7
Trinidad and Tobago,2013,,,17.4
Trinidad and Tobago,2014,,,18.2
Trinidad and Tobago,2015,,,18.9
Trinidad and Tobago,2016,,,19.7
Uruguay,1990,,,17.0
Uruguay,1991,,,17.4
Uruguay,1992,,,17.7
Uruguay,1993,,,18.1
Uruguay,1994,,,18.5
Uruguay,1995,,,18.9
Uruguay,1996,,,19.3
Uruguay,1997,,,19.7
Uruguay,1998,,,20.1
Uruguay,1999,,,20.5
Uruguay,2000,,,21.0
Uruguay,2001,,,21.4
Uruguay,2002,,,21.9
Uruguay,2003,,,22.4
Uruguay,2004,,,22.9
Uruguay,2005,,,23.4
Uruguay,2006,,,23.9
Uruguay,2007,,,24.4
Uruguay,2008,,,24.9
Uruguay,2009,,,25.4
Uruguay,2010,,,25.9
Uruguay,2011,,,26.4
Uruguay,2012,,,26.8
Uruguay,2013,,,27.3
Uruguay,2014,,,27.8
Uruguay,2015,,,28.4
Uruguay,2016,,,28.9
Argentina,1990,,,18.6
Argentina,1991,,,19.0
Argentina,1992,,,19.4
Argentina,1993,,,19.7
Argentina,1994,,,20.1
Argentina,1995,,,20.4
Argentina,1996,,,20.7
Argentina,1997,,,21.1
Argentina,1998,,,21.4
Argentina,1999,,,21.8
Argentina,2000,,,22.2
Argentina,2001,,,22.6
Argentina,2002,,,23.0
Argentina,2003,,,23.4
Argentina,2004,,,23.8
Argentina,2005,,,24.3
Argentina,2006,,,24.7
Argentina,2007,,,25.2
Argentina,2008,,,25.6
Argentina,2009,,,26.1
Argentina,2010,,,26.6
Argentina,2011,,,27.1
Argentina,2012,,,27.6
Argentina,2013,,,28.1
Argentina,2014,,,28.6
Argentina,2015,,,29.1
Argentina,2016,,,29.6
Brazil,1990,,,11.7
Brazil,1991,,,12.2
Brazil,1992,,,12.6
Brazil,1993,,,13.1
Brazil,1994,,,13.6
Brazil,1995,,,14.1
Brazil,1996,,,14.6
Brazil,1997,,,15.1
Brazil,1998,,,15.6
Brazil,1999,,,16.1
Brazil,2000,,,16.6
Brazil,2001,,,17.2
Brazil,2002,,,17.7
Brazil,2003,,,18.2
Brazil,2004,,,18.8
Brazil,2005,,,19.3
Brazil,2006,,,19.9
Brazil,2007,,,20.4
Brazil,2008,,,21.0
Brazil,2009,,,21.6
Brazil,2010,,,22.2
Brazil,2011,,,22.8
Brazil,2012,,,23.4
Brazil,2013,,,24.0
Brazil,2014,,,24.6
Brazil,2015,,,25.2
Brazil,2016,,,25.9
Canada,1990,,,16.1
Canada,1991,,,16.7
Canada,1992,,,17.2
Canada,1993,,,17.8
Canada,1994,,,18.3
Canada,1995,,,18.9
Canada,1996,,,19.5
Canada,1997,,,20.2
Canada,1998,,,20.8
Canada,1999,,,21.4
Canada,2000,,,22.1
Canada,2001,,,22.7
Canada,2002,,,23.3
Canada,2003,,,23.9
Canada,2004,,,24.5
Canada,2005,,,25.1
Canada,2006,,,25.7
Canada,2007,,,26.2
Canada,2008,,,26.8
Canada,2009,,,27.4
Canada,2010,,,27.9
Canada,2011,,,28.5
Canada,2012,,,29.1
Canada,2013,,,29.7
Canada,2014,,,30.3
Canada,2015,,,30.9
Canada,2016,,,31.5
Chile,1990,,,18.6
Chile,1991,,,19.0
Chile,1992,,,19.5
Chile,1993,,,20.0
Chile,1994,,,20.5
Chile,1995,,,21.0
Chile,1996,,,21.5
Chile,1997,,,22.0
Chile,1998,,,22.5
Chile,1999,,,23.1
Chile,2000,,,23.6
Chile,2001,,,24.1
Chile,2002,,,24.7
Chile,2003,,,25.2
Chile,2004,,,25.7
Chile,2005,,,26.2
Chile,2006,,,26.7
Chile,2007,,,27.2
Chile,2008,,,27.7
Chile,2009,,,28.3
Chile,2010,,,28.8
Chile,2011,,,29.3
Chile,2012,,,29.8
Chile,2013,,,30.4
Chile,2014,,,30.9
Chile,2015,,,31.5
Chile,2016,,,32.1
Colombia,1990,,,13.3
Colombia,1991,,,13.7
Colombia,1992,,,14.2
Colombia,1993,,,14.6
Colombia,1994,,,15.1
Colombia,1995,,,15.6
Colombia,1996,,,16.0
Colombia,1997,,,16.5
Colombia,1998,,,17.0
Colombia,1999,,,17.5
Colombia,2000,,,18.0
Colombia,2001,,,18.5
Colombia,2002,,,19.0
Colombia,2003,,,19.5
Colombia,2004,,,20.0
Colombia,2005,,,20.5
Colombia,2006,,,21.1
Colombia,2007,,,21.6
Colombia,2008,,,22.1
Colombia,2009,,,22.7
Colombia,2010,,,23.2
Colombia,2011,,,23.8
Colombia,2012,,,24.3
Colombia,2013,,,24.9
Colombia,2014,,,25.5
Colombia,2015,,,26.1
Colombia,2016,,,26.7
Costa Rica,1990,,,11.7
Costa Rica,1991,,,12.2
Costa Rica,1992,,,12.8
Costa Rica,1993,,,13.4
Costa Rica,1994,,,14.1
Costa Rica,1995,,,14.7
Costa Rica,1996,,,15.3
Costa Rica,1997,,,15.9
Costa Rica,1998,,,16.5
Costa Rica,1999,,,17.2
Costa Rica,2000,,,17.8
Costa Rica,2001,,,18.5
Costa Rica,2002,,,19.2
Costa Rica,2003,,,19.9
Costa Rica,2004,,,20.6
Costa Rica,2005,,,21.4
Costa Rica,2006,,,22.2
Costa Rica,2007,,,23.0
Costa Rica,2008,,,23.8
Costa Rica,2009,,,24.6
Costa Rica,2010,,,25.4
Costa Rica,2011,,,26.2
Costa Rica,2012,,,27.1
Costa Rica,2013,,,27.9
Costa Rica,2014,,,28.7
Costa Rica,2015,,,29.6
Costa Rica,2016,,,30.4
Cuba,1990,,,17.7
Cuba,1991,,,18.2
Cuba,1992,,,18.7
Cuba,1993,,,19.3
Cuba,1994,,,19.8
Cuba,1995,,,20.4
Cuba,1996,,,21.0
Cuba,1997,,,21.7
Cuba,1998,,,22.3
Cuba,1999,,,23.0
Cuba,2000,,,23.6
Cuba,2001,,,24.3
Cuba,2002,,,24.9
Cuba,2003,,,25.5
Cuba,2004,,,26.1
Cuba,2005,,,26.7
Cuba,2006,,,27.3
Cuba,2007,,,27.8
Cuba,2008,,,28.4
Cuba,2009,,,29.0
Cuba,2010,,,29.5
Cuba,2011,,,30.1
Cuba,2012,,,30.7
Cuba,2013,,,31.3
Cuba,2014,,,31.9
Cuba,2015,,,32.5
Cuba,2016,,,33.0
Dominican Republic,1990,,,14.3
Dominican Republic,1991,,,14.8
Dominican Republic,1992,,,15.3
Dominican Republic,1993,,,15.8
Dominican Republic,1994,,,16.3
Dominican Republic,1995,,,16.9
Dominican Republic,1996,,,17.5
Dominican Republic,1997,,,18.1
Dominican Republic,1998,,,18.7
Dominican Republic,1999,,,19.4
Dominican Republic,2000,,,20.1
Dominican Republic,2001,,,20.8
Dominican Republic,2002,,,21.6
Dominican Republic,2003,,,22.3
Dominican Republic,2004,,,23.1
Dominican Republic,2005,,,23.9
Dominican Republic,2006,,,24.7
Dominican Republic,2007,,,25.6
Dominican Republic,2008,,,26.4
Dominican Republic,2009,,,27.3
Dominican Republic,2010,,,28.1
Dominican Republic,2011,,,29.0
Dominican Republic,2012,,,29.9
Dominican Republic,2013,,,30.7
Dominican Republic,2014,,,31.6
Dominican Republic,2015,,,32.4
Dominican Republic,2016,,,33.2
Ecuador,1990,,,11.5
Ecuador,1991,,,11.9
Ecuador,1992,,,12.4
Ecuador,1993,,,12.8
Ecuador,1994,,,13.2
Ecuador,1995,,,13.7
Ecuador,1996,,,14.1
Ecuador,1997,,,14.6
Ecuador,1998,,,15.0
Ecuador,1999,,,15.5
Ecuador,2000,,,16.0
Ecuador,2001,,,16.4
Ecuador,2002,,,16.9
Ecuador,2003,,,17.4
Ecuador,2004,,,17.9
Ecuador,2005,,,18.4
Ecuador,2006,,,18.9
Ecuador,2007,,,19.3
Ecuador,2008,,,19.8
Ecuador,2009,,,20.3
Ecuador,2010,,,20.8
Ecuador,2011,,,21.4
Ecuador,2012,,,21.9
Ecuador,2013,,,22.4
Ecuador,2014,,,23.0
Ecuador,2015,,,23.5
Ecuador,2016,,,24.1
El Salvador,1990,,,12.4
El Salvador,1991,,,12.9
El Salvador,1992,,,13.4
El Salvador,1993,,,13.9
El Salvador,1994,,,14.4
El Salvador,1995,,,15.0
El Salvador,1996,,,15.6
El Salvador,1997,,,16.2
El Salvador,1998,,,16.9
El Salvador,1999,,,17.5
El Salvador,2000,,,18.1
El Salvador,2001,,,18.8
El Salvador,2002,,,19.3
El Salvador,2003,,,19.9
El Salvador,2004,,,20.5
El Salvador,2005,,,21.0
El Salvador,2006,,,21.6
El Salvador,2007,,,22.2
El Salvador,2008,,,22.7
El Salvador,2009,,,23.3
El Salvador,2010,,,23.8
El Salvador,2011,,,24.4
El Salvador,2012,,,24.9
El Salvador,2013,,,25.5
El Salvador,2014,,,26.1
El Salvador,2015,,,26.7
El Salvador,2016,,,27.4
Guatemala,1990,,,11.0
Guatemala,1991,,,11.4
Guatemala,1992,,,11.7
Guatemala,1993,,,12.1
Guatemala,1994,,,12.5
Guatemala,1995,,,12.9
Guatemala,1996,,,13.3
Guatemala,1997,,,13.7
Guatemala,1998,,,14.1
Guatemala,1999,,,14.6
Guatemala,2000,,,15.0
Guatemala,2001,,,15.5
Guatemala,2002,,,16.0
Guatemala,2003,,,16.5
Guatemala,2004,,,17.0
Guatemala,2005,,,17.5
Guatemala,2006,,,18.0
Guatemala,2007,,,18.5
Guatemala,2008,,,19.1
Guatemala,2009,,,19.6
Guatemala,2010,,,20.2
Guatemala,2011,,,20.8
Guatemala,2012,,,21.4
Guatemala,2013,,,22.0
Guatemala,2014,,,22.6
Guatemala,2015,,,23.2
Guatemala,2016,,,23.8
Guyana,1990,,,10.9
Guyana,1991,,,11.2
Guyana,1992,,,11.5
Guyana,1993,,,11.8
Guyana,1994,,,12.2
Guyana,1995,,,12.6
Guyana,1996,,,13.2
Guyana,1997,,,13.9
Guyana,1998,,,14.6
Guyana,1999,,,15.4
Guyana,2000,,,16.0
Guyana,2001,,,16.6
Guyana,2002,,,17.2
Guyana,2003,,,17.6
Guyana,2004,,,18.1
Guyana,2005,,,18.6
Guyana,2006,,,19.1
Guyana,2007,,,19.6
Guyana,2008,,,20.1
Guyana,2009,,,20.7
Guyana,2010,,,21.4
Guyana,2011,,,22.1
Guyana,2012,,,22.8
Guyana,2013,,,23.7
Guyana,2014,,,24.5
Guyana,2015,,,25.3
Guyana,2016,,,26.1
Haiti,1990,,,8.0
Haiti,1991,,,8.5
Haiti,1992,,,8.9
Haiti,1993,,,9.4
Haiti,1994,,,9.9
Haiti,1995,,,10.3
Haiti,1996,,,10.8
Haiti,1997,,,11.3
Haiti,1998,,,11.7
Haiti,1999,,,12.2
Haiti,2000,,,12.6
Haiti,2001,,,13.1
Haiti,2002,,,13.7
Haiti,2003,,,14.3
Haiti,2004,,,14.9
Haiti,2005,,,15.6
Haiti,2006,,,16.3
Haiti,2007,,,17.0
Haiti,2008,,,17.8
Haiti,2009,,,18.6
Haiti,2010,,,19.4
Haiti,2011,,,20.2
Haiti,2012,,,21.0
Haiti,2013,,,21.8
Haiti,2014,,,22.7
Haiti,2015,,,23.5
Haiti,2016,,,24.3
Honduras,1990,,,10.0
Honduras,1991,,,10.4
Honduras,1992,,,10.8
Honduras,1993,,,11.3
Honduras,1994,,,11.7
Honduras,1995,,,12.1
Honduras,1996,,,12.6
Honduras,1997,,,13.0
Honduras,1998,,,13.5
Honduras,1999,,,14.0
Honduras,2000,,,14.5
Honduras,2001,,,15.0
Honduras,2002,,,15.5
Honduras,2003,,,16.1
Honduras,2004,,,16.6
Honduras,2005,,,17.2
Honduras,2006,,,17.8
Honduras,2007,,,18.4
Honduras,2008,,,19.0
Honduras,2009,,,19.6
Honduras,2010,,,20.3
Honduras,2011,,,20.9
Honduras,2012,,,21.6
Honduras,2013,,,22.3
Honduras,2014,,,23.0
Honduras,2015,,,23.8
Honduras,2016,,,24.5
Jamaica,1990,,,16.1
Jamaica,1991,,,16.6
Jamaica,1992,,,17.1
Jamaica,1993,,,17.6
Jamaica,1994,,,18.2
Jamaica,1995,,,18.7
Jamaica,1996,,,19.3
Jamaica,1997,,,20.0
Jamaica,1998,,,20.6
Jamaica,1999,,,21.3
Jamaica,2000,,,22.0
Jamaica,2001,,,22.7
Jamaica,2002,,,23.4
Jamaica,2003,,,24.1
Jamaica,2004,,,24.9
Jamaica,2005,,,25.6
Jamaica,2006,,,26.3
Jamaica,2007,,,27.0
Jamaica,2008,,,27.7
Jamaica,2009,,,28.4
Jamaica,2010,,,29.1
Jamaica,2011,,,29.8
Jamaica,2012,,,30.5
Jamaica,2013,,,31.1
Jamaica,2014,,,31.8
Jamaica,2015,,,32.5
Jamaica,2016,,,33.2
Mexico,1990,,,17.6
Mexico,1991,,,18.1
Mexico,1992,,,18.6
Mexico,1993,,,19.0
Mexico,1994,,,19.5
Mexico,1995,,,20.1
Mexico,1996,,,20.6
Mexico,1997,,,21.2
Mexico,1998,,,21.7
Mexico,1999,,,22.3
Mexico,2000,,,22.9
Mexico,2001,,,23.5
Mexico,2002,,,24.1
Mexico,2003,,,24.7
Mexico,2004,,,25.3
Mexico,2005,,,25.9
Mexico,2006,,,26.5
Mexico,2007,,,27.1
Mexico,2008,,,27.7
Mexico,2009,,,28.3
Mexico,2010,,,28.9
Mexico,2011,,,29.6
Mexico,2012,,,30.2
Mexico,2013,,,30.8
Mexico,2014,,,31.4
Mexico,2015,,,32.0
Mexico,2016,,,32.6
Nicaragua,1990,,,13.1
Nicaragua,1991,,,13.5
Nicaragua,1992,,,13.9
Nicaragua,1993,,,14.3
Nicaragua,1994,,,14.7
Nicaragua,1995,,,15.1
Nicaragua,1996,,,15.5
Nicaragua,1997,,,15.9
Nicaragua,1998,,,16.4
Nicaragua,1999,,,16.8
Nicaragua,2000,,,17.3
Nicaragua,2001,,,17.8
Nicaragua,2002,,,18.3
Nicaragua,2003,,,18.8
Nicaragua,2004,,,19.4
Nicaragua,2005,,,19.9
Nicaragua,2006,,,20.5
Nicaragua,2007,,,21.0
Nicaragua,2008,,,21.6
Nicaragua,2009,,,22.2
Nicaragua,2010,,,22.9
Nicaragua,2011,,,23.5
Nicaragua,2012,,,24.1
Nicaragua,2013,,,24.8
Nicaragua,2014,,,25.4
Nicaragua,2015,,,26.1
Nicaragua,2016,,,26.8
Panama,1990,,,12.3
Panama,1991,,,12.7
Panama,1992,,,13.2
Panama,1993,,,13.7
Panama,1994,,,14.2
Panama,1995,,,14.7
Panama,1996,,,15.3
Panama,1997,,,15.9
Panama,1998,,,16.5
Panama,1999,,,17.1
Panama,2000,,,17.7
Panama,2001,,,18.4
Panama,2002,,,19.0
Panama,2003,,,19.6
Panama,2004,,,20.2
Panama,2005,,,20.8
Panama,2006,,,21.4
Panama,2007,,,22.0
Panama,2008,,,22.6
Panama,2009,,,23.2
Panama,2010,,,23.8
Panama,2011,,,24.4
Panama,2012,,,25.0
Panama,2013,,,25.6
Panama,2014,,,26.2
Panama,2015,,,26.8
Panama,2016,,,27.5
Paraguay,1990,,,9.0
Paraguay,1991,,,9.4
Paraguay,1992,,,9.8
Paraguay,1993,,,10.2
Paraguay,1994,,,10.7
Paraguay,1995,,,11.1
Paraguay,1996,,,11.6
Paraguay,1997,,,12.0
Paraguay,1998,,,12.5
Paraguay,1999,,,12.9
Paraguay,2000,,,13.4
Paraguay,2001,,,13.9
Paraguay,2002,,,14.4
Paraguay,2003,,,14.9
Paraguay,2004,,,15.3
Paraguay,2005,,,15.8
Paraguay,2006,,,16.3
Paraguay,2007,,,16.8
Paraguay,2008,,,17.3
Paraguay,2009,,,17.9
Paraguay,2010,,,18.4
Paraguay,2011,,,18.9
Paraguay,2012,,,19.5
Paraguay,2013,,,20.0
Paraguay,2014,,,20.6
Paraguay,2015,,,21.2
Paraguay,2016,,,21.9
Peru,1990,,,12.5
Peru,1991,,,12.8
Peru,1992,,,13.1
Peru,1993,,,13.5
Peru,1994,,,13.8
Peru,1995,,,14.1
Peru,1996,,,14.5
Peru,1997,,,14.9
Peru,1998,,,15.3
Peru,1999,,,15.6
Peru,2000,,,16.0
Peru,2001,,,16.5
Peru,2002,,,16.9
Peru,2003,,,17.3
Peru,2004,,,17.7
Peru,2005,,,18.2
Peru,2006,,,18.6
Peru,2007,,,19.1
Peru,2008,,,19.5
Peru,2009,,,20.0
Peru,2010,,,20.5
Peru,2011,,,20.9
Peru,2012,,,21.4
Peru,2013,,,21.9
Peru,2014,,,22.4
Peru,2015,,,23.0
Peru,2016,,,23.5
Trinidad and Tobago,1990,,,9.4
Trinidad and Tobago,1991,,,9.9
Trinidad and Tobago,1992,,,10.3
Trinidad and Tobago,1993,,,10.8
Trinidad and Tobago,1994,,,11.3
Trinidad and Tobago,1995,,,11.9
Trinidad and Tobago,1996,,,12.5
Trinidad and Tobago,1997,,,13.1
Trinidad and Tobago,1998,,,13.7
Trinidad and Tobago,1999,,,14.3
Trinidad and Tobago,2000,,,14.9
Trinidad and Tobago,2001,,,15.6
Trinidad and Tobago,2002,,,16.2
Trinidad and Tobago,2003,,,16.9
Trinidad and Tobago,2004,,,17.5
Trinidad and Tobago,2005,,,18.2
Trinidad and Tobago,2006,,,18.9
Trinidad and Tobago,2007,,,19.6
Trinidad and Tobago,2008,,,20.4
Trinidad and Tobago,2009,,,21.2
Trinidad and Tobago,2010,,,22.0
Trinidad and Tobago,2011,,,22.9
Trinidad and Tobago,2012,,,23.8
Trinidad and Tobago,2013,,,24.8
Trinidad and Tobago,2014,,,25.7
Trinidad and Tobago,2015,,,26.7
Trinidad and Tobago,2016,,,27.7
Uruguay,1990,,,20.7
Uruguay,1991,,,21.1
Uruguay,1992,,,21.4
Uruguay,1993,,,21.8
Uruguay,1994,,,22.2
Uruguay,1995,,,22.6
Uruguay,1996,,,23.0
Uruguay,1997,,,23.4
Uruguay,1998,,,23.8
Uruguay,1999,,,24.2
Uruguay,2000,,,24.6
Uruguay,2001,,,25.1
Uruguay,2002,,,25.6
Uruguay,2003,,,26.0
Uruguay,2004,,,26.5
Uruguay,2005,,,27.0
Uruguay,2006,,,27.5
Uruguay,2007,,,27.9
Uruguay,2008,,,28.4
Uruguay,2009,,,28.8
Uruguay,2010,,,29.3
Uruguay,2011,,,29.8
Uruguay,2012,,,30.2
Uruguay,2013,,,30.7
Uruguay,2014,,,31.1
Uruguay,2015,,,31.6
Uruguay,2016,,,32.1
Argentina,1990,,,14.5
Argentina,1991,,,14.9
Argentina,1992,,,15.3
Argentina,1993,,,15.7
Argentina,1994,,,16.1
Argentina,1995,,,16.5
Argentina,1996,,,17.0
Argentina,1997,,,17.4
Argentina,1998,,,17.8
Argentina,1999,,,18.2
Argentina,2000,,,18.7
Argentina,2001,,,19.2
Argentina,2002,,,19.6
Argentina,2003,,,20.1
Argentina,2004,,,20.6
Argentina,2005,,,21.1
Argentina,2006,,,21.7
Argentina,2007,,,22.2
Argentina,2008,,,22.7
Argentina,2009,,,23.3
Argentina,2010,,,23.8
Argentina,2011,,,24.4
Argentina,2012,,,25.0
Argentina,2013,,,25.5
Argentina,2014,,,26.1
Argentina,2015,,,26.8
Argentina,2016,,,27.4
Brazil,1990,,,6.3
Brazil,1991,,,6.7
Brazil,1992,,,7.0
Brazil,1993,,,7.4
Brazil,1994,,,7.8
Brazil,1995,,,8.2
Brazil,1996,,,8.6
Brazil,1997,,,9.0
Brazil,1998,,,9.4
Brazil,1999,,,9.8
Brazil,2000,,,10.3
Brazil,2001,,,10.7
Brazil,2002,,,11.2
Brazil,2003,,,11.6
Brazil,2004,,,12.1
Brazil,2005,,,12.6
Brazil,2006,,,13.1
Brazil,2007,,,13.6
Brazil,2008,,,14.1
Brazil,2009,,,14.6
Brazil,2010,,,15.1
Brazil,2011,,,15.7
Brazil,2012,,,16.2
Brazil,2013,,,16.8
Brazil,2014,,,17.4
Brazil,2015,,,18.0
Brazil,2016,,,18.5
Canada,1990,,,14.4
Canada,1991,,,15.0
Canada,1992,,,15.6
Canada,1993,,,16.2
Canada,1994,,,16.8
Canada,1995,,,17.4
Canada,1996,,,18.1
Canada,1997,,,18.8
Canada,1998,,,19.4
Canada,1999,,,20.1
Canada,2000,,,20.8
Canada,2001,,,21.5
Canada,2002,,,22.2
Canada,2003,,,22.9
Canada,2004,,,23.5
Canada,2005,,,24.2
Canada,2006,,,24.8
Canada,2007,,,25.4
Canada,2008,,,26.0
Canada,2009,,,26.6
Canada,2010,,,27.3
Canada,2011,,,27.9
Canada,2012,,,28.5
Canada,2013,,,29.2
Canada,2014,,,29.8
Canada,2015,,,30.5
Canada,2016,,,31.2
Chile,1990,,,12.1
Chile,1991,,,12.5
Chile,1992,,,12.9
Chile,1993,,,13.4
Chile,1994,,,13.9
Chile,1995,,,14.3
Chile,1996,,,14.8
Chile,1997,,,15.3
Chile,1998,,,15.8
Chile,1999,,,16.4
Chile,2000,,,16.9
Chile,2001,,,17.4
Chile,2002,,,17.9
Chile,2003,,,18.4
Chile,2004,,,18.9
Chile,2005,,,19.4
Chile,2006,,,19.9
Chile,2007,,,20.5
Chile,2008,,,21.0
Chile,2009,,,21.5
Chile,2010,,,22.0
Chile,2011,,,22.6
Chile,2012,,,23.1
Chile,2013,,,23.7
Chile,2014,,,24.3
Chile,2015,,,24.9
Chile,2016,,,25.5
Colombia,1990,,,6.1
Colombia,1991,,,6.5
Colombia,1992,,,6.8
Colombia,1993,,,7.1
Colombia,1994,,,7.5
Colombia,1995,,,7.9
Colombia,1996,,,8.2
Colombia,1997,,,8.6
Colombia,1998,,,9.0
Colombia,1999,,,9.4
Colombia,2000,,,9.8
Colombia,2001,,,10.2
Colombia,2002,,,10.6
Colombia,2003,,,11.0
Colombia,2004,,,11.4
Colombia,2005,,,11.9
Colombia,2006,,,12.3
Colombia,2007,,,12.8
Colombia,2008,,,13.2
Colombia,2009,,,13.7
Colombia,2010,,,14.2
Colombia,2011,,,14.7
Colombia,2012,,,15.2
Colombia,2013,,,15.7
Colombia,2014,,,16.2
Colombia,2015,,,16.7
Colombia,2016,,,17.3
Costa Rica,1990,,,5.5
Costa Rica,1991,,,5.9
Costa Rica,1992,,,6.3
Costa Rica,1993,,,6.7
Costa Rica,1994,,,7.1
Costa Rica,1995,,,7.6
Costa Rica,1996,,,8.0
Costa Rica,1997,,,8.5
Costa Rica,1998,,,9.0
Costa Rica,1999,,,9.4
Costa Rica,2000,,,9.9
Costa Rica,2001,,,10.4
Costa Rica,2002,,,11.0
Costa Rica,2003,,,11.6
Costa Rica,2004,,,12.2
Costa Rica,2005,,,12.8
Costa Rica,2006,,,13.5
Costa Rica,2007,,,14.1
Costa Rica,2008,,,14.8
Costa Rica,2009,,,15.5
Costa Rica,2010,,,16.3
Costa Rica,2011,,,17.0
Costa Rica,2012,,,17.8
Costa Rica,2013,,,18.6
Costa Rica,2014,,,19.4
Costa Rica,2015,,,20.2
Costa Rica,2016,,,21.0
Cuba,1990,,,7.0
Cuba,1991,,,7.4
Cuba,1992,,,7.8
Cuba,1993,,,8.2
Cuba,1994,,,8.6
Cuba,1995,,,9.0
Cuba,1996,,,9.4
Cuba,1997,,,9.9
Cuba,1998,,,10.4
Cuba,1999,,,10.8
Cuba,2000,,,11.3
Cuba,2001,,,11.8
Cuba,2002,,,12.4
Cuba,2003,,,12.9
Cuba,2004,,,13.4
Cuba,2005,,,13.9
Cuba,2006,,,14.4
Cuba,2007,,,15.0
Cuba,2008,,,15.5
Cuba,2009,,,16.1
Cuba,2010,,,16.6
Cuba,2011,,,17.2
Cuba,2012,,,17.8
Cuba,2013,,,18.4
Cuba,2014,,,19.1
Cuba,2015,,,19.7
Cuba,2016,,,20.4
Dominican Republic,1990,,,5.5
Dominican Republic,1991,,,5.8
Dominican Republic,1992,,,6.1
Dominican Republic,1993,,,6.4
Dominican Republic,1994,,,6.7
Dominican Republic,1995,,,7.0
Dominican Republic,1996,,,7.4
Dominican Republic,1997,,,7.8
Dominican Republic,1998,,,8.2
Dominican Republic,1999,,,8.7
Dominican Republic,2000,,,9.1
Dominican Republic,2001,,,9.6
Dominican Republic,2002,,,10.2
Dominican Republic,2003,,,10.7
Dominican Republic,2004,,,11.3
Dominican Republic,2005,,,11.9
Dominican Republic,2006,,,12.6
Dominican Republic,2007,,,13.2
Dominican Republic,2008,,,14.0
Dominican Republic,2009,,,14.7
Dominican Republic,2010,,,15.5
Dominican Republic,2011,,,16.2
Dominican Republic,2012,,,17.0
Dominican Republic,2013,,,17.8
Dominican Republic,2014,,,18.7
Dominican Republic,2015,,,19.5
Dominican Republic,2016,,,20.4
Ecuador,1990,,,5.0
Ecuador,1991,,,5.3
Ecuador,1992,,,5.5
Ecuador,1993,,,5.8
Ecuador,1994,,,6.1
Ecuador,1995,,,6.4
Ecuador,1996,,,6.7
Ecuador,1997,,,7.0
Ecuador,1998,,,7.4
Ecuador,1999,,,7.7
Ecuador,2000,,,8.0
Ecuador,2001,,,8.4
Ecuador,2002,,,8.7
Ecuador,2003,,,9.1
Ecuador,2004,,,9.4
Ecuador,2005,,,9.8
Ecuador,2006,,,10.2
Ecuador,2007,,,10.6
Ecuador,2008,,,10.9
Ecuador,2009,,,11.3
Ecuador,2010,,,11.7
Ecuador,2011,,,12.1
Ecuador,2012,,,12.6
Ecuador,2013,,,13.0
Ecuador,2014,,,13.5
Ecuador,2015,,,13.9
Ecuador,2016,,,14.4
El Salvador,1990,,,5.6
El Salvador,1991,,,5.9
El Salvador,1992,,,6.2
El Salvador,1993,,,6.5
El Salvador,1994,,,6.9
El Salvador,1995,,,7.3
El Salvador,1996,,,7.7
El Salvador,1997,,,8.1
El Salvador,1998,,,8.5
El Salvador,1999,,,9.0
El Salvador,2000,,,9.5
El Salvador,2001,,,9.9
El Salvador,2002,,,10.4
El Salvador,2003,,,10.8
El Salvador,2004,,,11.3
El Salvador,2005,,,11.7
El Salvador,2006,,,12.2
El Salvador,2007,,,12.6
El Salvador,2008,,,13.1
El Salvador,2009,,,13.5
El Salvador,2010,,,14.0
El Salvador,2011,,,14.4
El Salvador,2012,,,14.9
El Salvador,2013,,,15.4
El Salvador,2014,,,15.9
El Salvador,2015,,,16.5
El Salvador,2016,,,17.1
Guatemala,1990,,,4.6
Guatemala,1991,,,4.8
Guatemala,1992,,,5.0
Guatemala,1993,,,5.2
Guatemala,1994,,,5.5
Guatemala,1995,,,5.7
Guatemala,1996,,,6.0
Guatemala,1997,,,6.3
Guatemala,1998,,,6.6
Guatemala,1999,,,6.8
Guatemala,2000,,,7.1
Guatemala,2001,,,7.4
Guatemala,2002,,,7.7
Guatemala,2003,,,8.1
Guatemala,2004,,,8.4
Guatemala,2005,,,8.7
Guatemala,2006,,,9.1
Guatemala,2007,,,9.4
Guatemala,2008,,,9.8
Guatemala,2009,,,10.1
Guatemala,2010,,,10.5
Guatemala,2011,,,10.9
Guatemala,2012,,,11.3
Guatemala,2013,,,11.7
Guatemala,2014,,,12.2
Guatemala,2015,,,12.6
Guatemala,2016,,,13.1
Guyana,1990,,,3.5
Guyana,1991,,,3.7
Guyana,1992,,,3.9
Guyana,1993,,,4.1
Guyana,1994,,,4.3
Guyana,1995,,,4.6
Guyana,1996,,,4.8
Guyana,1997,,,5.1
Guyana,1998,,,5.4
Guyana,1999,,,5.7
Guyana,2000,,,5.9
Guyana,2001,,,6.2
Guyana,2002,,,6.5
Guyana,2003,,,6.8
Guyana,2004,,,7.1
Guyana,2005,,,7.4
Guyana,2006,,,7.8
Guyana,2007,,,8.1
Guyana,2008,,,8.5
Guyana,2009,,,8.8
Guyana,2010,,,9.3
Guyana,2011,,,9.7
Guyana,2012,,,10.2
Guyana,2013,,,10.7
Guyana,2014,,,11.2
Guyana,2015,,,11.7
Guyana,2016,,,12.2
Haiti,1990,,,3.3
Haiti,1991,,,3.5
Haiti,1992,,,3.7
Haiti,1993,,,4.0
Haiti,1994,,,4.3
Haiti,1995,,,4.6
Haiti,1996,,,4.9
Haiti,1997,,,5.2
Haiti,1998,,,5.5
Haiti,1999,,,5.8
Haiti,2000,,,6.1
Haiti,2001,,,6.5
Haiti,2002,,,6.9
Haiti,2003,,,7.3
Haiti,2004,,,7.8
Haiti,2005,,,8.3
Haiti,2006,,,8.9
Haiti,2007,,,9.5
Haiti,2008,,,10.1
Haiti,2009,,,10.8
Haiti,2010,,,11.6
Haiti,2011,,,12.3
Haiti,2012,,,13.1
Haiti,2013,,,13.9
Haiti,2014,,,14.7
Haiti,2015,,,15.6
Haiti,2016,,,16.4
Honduras,1990,,,4.2
Honduras,1991,,,4.4
Honduras,1992,,,4.7
Honduras,1993,,,4.9
Honduras,1994,,,5.2
Honduras,1995,,,5.5
Honduras,1996,,,5.8
Honduras,1997,,,6.1
Honduras,1998,,,6.4
Honduras,1999,,,6.7
Honduras,2000,,,7.0
Honduras,2001,,,7.4
Honduras,2002,,,7.7
Honduras,2003,,,8.1
Honduras,2004,,,8.5
Honduras,2005,,,8.9
Honduras,2006,,,9.3
Honduras,2007,,,9.7
Honduras,2008,,,10.1
Honduras,2009,,,10.5
Honduras,2010,,,11.0
Honduras,2011,,,11.5
Honduras,2012,,,12.0
Honduras,2013,,,12.5
Honduras,2014,,,13.0
Honduras,2015,,,13.6
Honduras,2016,,,14.1
Jamaica,1990,,,4.4
Jamaica,1991,,,4.6
Jamaica,1992,,,4.8
Jamaica,1993,,,5.1
Jamaica,1994,,,5.4
Jamaica,1995,,,5.6
Jamaica,1996,,,5.9
Jamaica,1997,,,6.3
Jamaica,1998,,,6.6
Jamaica,1999,,,6.9
Jamaica,2000,,,7.3
Jamaica,2001,,,7.7
Jamaica,2002,,,8.1
Jamaica,2003,,,8.6
Jamaica,2004,,,9.0
Jamaica,2005,,,9.5
Jamaica,2006,,,9.9
Jamaica,2007,,,10.4
Jamaica,2008,,,10.8
Jamaica,2009,,,11.3
Jamaica,2010,,,11.8
Jamaica,2011,,,12.3
Jamaica,2012,,,12.8
Jamaica,2013,,,13.3
Jamaica,2014,,,13.8
Jamaica,2015,,,14.4
Jamaica,2016,,,15.0
Mexico,1990,,,10.2
Mexico,1991,,,10.6
Mexico,1992,,,11.0
Mexico,1993,,,11.5
Mexico,1994,,,11.9
Mexico,1995,,,12.4
Mexico,1996,,,12.8
Mexico,1997,,,13.3
Mexico,1998,,,13.8
Mexico,1999,,,14.3
Mexico,2000,,,14.8
Mexico,2001,,,15.3
Mexico,2002,,,15.9
Mexico,2003,,,16.4
Mexico,2004,,,17.0
Mexico,2005,,,17.5
Mexico,2006,,,18.1
Mexico,2007,,,18.6
Mexico,2008,,,19.2
Mexico,2009,,,19.7
Mexico,2010,,,20.3
Mexico,2011,,,20.8
Mexico,2012,,,21.4
Mexico,2013,,,22.0
Mexico,2014,,,22.5
Mexico,2015,,,23.1
Mexico,2016,,,23.7
Nicaragua,1990,,,6.1
Nicaragua,1991,,,6.3
Nicaragua,1992,,,6.6
Nicaragua,1993,,,6.9
Nicaragua,1994,,,7.1
Nicaragua,1995,,,7.4
Nicaragua,1996,,,7.7
Nicaragua,1997,,,8.1
Nicaragua,1998,,,8.4
Nicaragua,1999,,,8.7
Nicaragua,2000,,,9.1
Nicaragua,2001,,,9.4
Nicaragua,2002,,,9.8
Nicaragua,2003,,,10.2
Nicaragua,2004,,,10.6
Nicaragua,2005,,,11.0
Nicaragua,2006,,,11.4
Nicaragua,2007,,,11.8
Nicaragua,2008,,,12.3
Nicaragua,2009,,,12.8
Nicaragua,2010,,,13.2
Nicaragua,2011,,,13.7
Nicaragua,2012,,,14.2
Nicaragua,2013,,,14.8
Nicaragua,2014,,,15.3
Nicaragua,2015,,,15.9
Nicaragua,2016,,,16.5
Panama,1990,,,5.7
Panama,1991,,,6.0
Panama,1992,,,6.3
Panama,1993,,,6.6
Panama,1994,,,7.0
Panama,1995,,,7.3
Panama,1996,,,7.7
Panama,1997,,,8.2
Panama,1998,,,8.6
Panama,1999,,,9.1
Panama,2000,,,9.5
Panama,2001,,,10.0
Panama,2002,,,10.5
Panama,2003,,,11.0
Panama,2004,,,11.4
Panama,2005,,,11.9
Panama,2006,,,12.4
Panama,2007,,,12.9
Panama,2008,,,13.4
Panama,2009,,,13.9
Panama,2010,,,14.4
Panama,2011,,,14.9
Panama,2012,,,15.4
Panama,2013,,,16.0
Panama,2014,,,16.5
Panama,2015,,,17.1
Panama,2016,,,17.6
Paraguay,1990,,,5.2
Paraguay,1991,,,5.5
Paraguay,1992,,,5.8
Paraguay,1993,,,6.2
Paraguay,1994,,,6.5
Paraguay,1995,,,6.9
Paraguay,1996,,,7.2
Paraguay,1997,,,7.6
Paraguay,1998,,,8.0
Paraguay,1999,,,8.4
Paraguay,2000,,,8.7
Paraguay,2001,,,9.1
Paraguay,2002,,,9.5
Paraguay,2003,,,10.0
Paraguay,2004,,,10.4
Paraguay,2005,,,10.8
Paraguay,2006,,,11.2
Paraguay,2007,,,11.7
Paraguay,2008,,,12.1
Paraguay,2009,,,12.5
Paraguay,2010,,,13.0
Paraguay,2011,,,13.5
Paraguay,2012,,,14.0
Paraguay,2013,,,14.5
Paraguay,2014,,,15.0
Paraguay,2015,,,15.5
Paraguay,2016,,,16.1
Peru,1990,,,5.7
Peru,1991,,,5.9
Peru,1992,,,6.2
Peru,1993,,,6.4
Peru,1994,,,6.7
Peru,1995,,,7.0
Peru,1996,,,7.3
Peru,1997,,,7.5
Peru,1998,,,7.8
Peru,1999,,,8.1
Peru,2000,,,8.5
Peru,2001,,,8.8
Peru,2002,,,9.1
Peru,2003,,,9.5
Peru,2004,,,9.8
Peru,2005,,,10.2
Peru,2006,,,10.5
Peru,2007,,,10.9
Peru,2008,,,11.3
Peru,2009,,,11.7
Peru,2010,,,12.1
Peru,2011,,,12.5
Peru,2012,,,12.9
Peru,2013,,,13.3
Peru,2014,,,13.8
Peru,2015,,,14.2
Peru,2016,,,14.7
Trinidad and Tobago,1990,,,3.0
Trinidad and Tobago,1991,,,3.2
Trinidad and Tobago,1992,,,3.4
Trinidad and Tobago,1993,,,3.6
Trinidad and Tobago,1994,,,3.8
Trinidad and Tobago,1995,,,4.0
Trinidad and Tobago,1996,,,4.2
Trinidad and Tobago,1997,,,4.5
Trinidad and Tobago,1998,,,4.7
Trinidad and Tobago,1999,,,5.0
Trinidad and Tobago,2000,,,5.3
Trinidad and Tobago,2001,,,5.6
Trinidad and Tobago,2002,,,5.9
Trinidad and Tobago,2003,,,6.1
Trinidad and Tobago,2004,,,6.4
Trinidad and Tobago,2005,,,6.7
Trinidad and Tobago,2006,,,7.1
Trinidad and Tobago,2007,,,7.4
Trinidad and Tobago,2008,,,7.8
Trinidad and Tobago,2009,,,8.1
Trinidad and Tobago,2010,,,8.5
Trinidad and Tobago,2011,,,8.9
Trinidad and Tobago,2012,,,9.4
Trinidad and Tobago,2013,,,9.9
Trinidad and Tobago,2014,,,10.3
Trinidad and Tobago,2015,,,10.9
Trinidad and Tobago,2016,,,11.4
Uruguay,1990,,,12.9
Uruguay,1991,,,13.3
Uruguay,1992,,,13.6
Uruguay,1993,,,14.0
Uruguay,1994,,,14.4
Uruguay,1995,,,14.8
Uruguay,1996,,,15.2
Uruguay,1997,,,15.6
Uruguay,1998,,,16.0
Uruguay,1999,,,16.5
Uruguay,2000,,,16.9
Uruguay,2001,,,17.4
Uruguay,2002,,,17.9
Uruguay,2003,,,18.4
Uruguay,2004,,,18.9
Uruguay,2005,,,19.4
Uruguay,2006,,,20.0
Uruguay,2007,,,20.5
Uruguay,2008,,,21.0
Uruguay,2009,,,21.5
Uruguay,2010,,,22.0
Uruguay,2011,,,22.6
Uruguay,2012,,,23.1
Uruguay,2013,,,23.6
Uruguay,2014,,,24.2
Uruguay,2015,,,24.8
Uruguay,2016,,,25.3
